timestamp,timestamp_sec,mission_phase,throttle,ambient_temperature,RPM,CHT,EGT,oil_pressure,oil_temperature,fuel_flow,vibration,battery_voltage
2026-03-30T10:00:00+00:00,0.0,STARTUP,0.0533,18.03,281.4,45.33,149.39,9.62,33.44,3.48,0.0769,11.7
2026-03-30T10:00:01+00:00,1.0,STARTUP,0.06,17.9,452.0,47.79,232.0,15.88,33.81,3.98,0.0976,11.72
2026-03-30T10:00:02+00:00,2.0,STARTUP,0.0667,18.08,566.3,49.98,287.72,19.94,34.32,4.09,0.08,11.73
2026-03-30T10:00:03+00:00,3.0,STARTUP,0.0733,18.09,640.3,52.52,332.02,22.48,34.8,4.1,0.0931,11.7
2026-03-30T10:00:04+00:00,4.0,STARTUP,0.08,17.8,693.3,54.43,362.92,24.01,34.75,4.19,0.0884,11.73
2026-03-30T10:00:05+00:00,5.0,STARTUP,0.0867,17.87,739.8,55.95,386.87,24.99,35.23,4.18,0.0959,11.72
2026-03-30T10:00:06+00:00,6.0,STARTUP,0.0933,18.01,782.9,58.78,402.05,26.23,35.48,4.58,0.089,11.73
2026-03-30T10:00:07+00:00,7.0,STARTUP,0.1,17.97,823.1,60.5,417.54,26.95,35.68,4.58,0.0684,13.98
2026-03-30T10:00:08+00:00,8.0,STARTUP,0.1,18.0,888.5,62.2,427.95,27.2,36.07,4.42,0.1011,14.0
2026-03-30T10:00:09+00:00,9.0,STARTUP,0.1,17.91,925.7,64.04,434.45,27.64,36.54,4.78,0.0884,13.95
2026-03-30T10:00:10+00:00,10.0,STARTUP,0.1,18.09,968.9,65.89,440.06,27.93,36.71,4.82,0.0995,13.92
2026-03-30T10:00:11+00:00,11.0,STARTUP,0.1,18.08,999.6,67.51,442.44,27.98,37.23,5.27,0.0987,13.97
2026-03-30T10:00:12+00:00,12.0,STARTUP,0.1,18.01,1037.2,69.23,444.41,28.44,37.76,4.86,0.0816,13.98
2026-03-30T10:00:13+00:00,13.0,STARTUP,0.1,18.11,1071.8,70.89,446.05,28.67,38.18,4.98,0.0803,14.0
2026-03-30T10:00:14+00:00,14.0,STARTUP,0.1,18.05,1093.5,72.59,445.58,28.72,38.46,5.41,0.0995,13.99
2026-03-30T10:00:15+00:00,15.0,STARTUP,0.1,17.91,1325.1,73.22,448.84,29.25,38.73,6.01,0.0916,14.01
2026-03-30T10:00:16+00:00,16.0,STARTUP,0.1,18.04,1440.6,75.53,451.82,29.85,39.29,5.98,0.1085,13.97
2026-03-30T10:00:17+00:00,17.0,STARTUP,0.1,17.9,1496.3,76.97,451.72,30.66,39.47,6.13,0.0961,13.96
2026-03-30T10:00:18+00:00,18.0,STARTUP,0.1,18.09,1533.4,78.66,453.04,31.33,40.05,6.42,0.1113,13.91
2026-03-30T10:00:19+00:00,19.0,STARTUP,0.1,18.0,1572.6,79.51,453.29,31.64,40.43,6.07,0.1049,13.96
2026-03-30T10:00:20+00:00,20.0,STARTUP,0.1,17.98,1581.7,80.7,454.19,32.23,40.82,6.17,0.1034,13.94
2026-03-30T10:00:21+00:00,21.0,STARTUP,0.1,17.93,1597.1,81.78,453.69,32.45,40.96,6.44,0.0958,13.96
2026-03-30T10:00:22+00:00,22.0,STARTUP,0.1,18.12,1598.0,83.69,453.1,32.75,41.35,6.72,0.1031,13.96
2026-03-30T10:00:23+00:00,23.0,STARTUP,0.1,17.98,1601.4,84.72,454.95,32.75,41.85,6.43,0.1147,13.97
2026-03-30T10:00:24+00:00,24.0,STARTUP,0.1,17.96,1589.7,86.26,454.91,32.57,42.05,6.48,0.0995,13.95
2026-03-30T10:00:25+00:00,25.0,STARTUP,0.1,17.96,1595.1,87.19,457.4,32.7,42.52,6.65,0.1066,13.98
2026-03-30T10:00:26+00:00,26.0,STARTUP,0.1,18.05,1599.5,88.17,456.85,32.44,42.93,6.81,0.1009,13.87
2026-03-30T10:00:27+00:00,27.0,STARTUP,0.1,18.04,1591.3,89.21,455.27,32.72,43.23,6.39,0.1016,13.96
2026-03-30T10:00:28+00:00,28.0,STARTUP,0.1,18.04,1596.2,90.84,456.73,32.53,43.76,6.48,0.1209,13.99
2026-03-30T10:00:29+00:00,29.0,STARTUP,0.1,18.04,1598.8,91.15,457.07,32.88,43.82,6.76,0.1147,14.01
2026-03-30T10:00:30+00:00,30.0,STARTUP,0.1,18.21,1591.1,91.68,457.47,32.77,44.26,6.24,0.1011,13.98
2026-03-30T10:00:31+00:00,31.0,STARTUP,0.1,17.96,1582.7,91.94,458.21,33.02,44.89,6.6,0.1025,14.01
2026-03-30T10:00:32+00:00,32.0,STARTUP,0.1,17.95,1577.8,92.53,456.52,32.62,45.48,6.28,0.0915,13.96
2026-03-30T10:00:33+00:00,33.0,STARTUP,0.1,17.92,1585.5,93.22,455.94,32.5,45.91,6.47,0.098,13.96
2026-03-30T10:00:34+00:00,34.0,STARTUP,0.1,18.06,1591.3,93.57,455.53,32.71,46.24,6.44,0.1039,13.97
2026-03-30T10:00:35+00:00,35.0,STARTUP,0.1,18.11,1585.4,94.27,453.9,33.02,46.51,6.31,0.1102,13.95
2026-03-30T10:00:36+00:00,36.0,STARTUP,0.1,17.99,1588.9,94.43,453.93,33.35,46.82,6.32,0.1091,13.93
2026-03-30T10:00:37+00:00,37.0,STARTUP,0.1,17.92,1595.0,94.98,455.86,33.15,47.26,6.52,0.0869,13.94
2026-03-30T10:00:38+00:00,38.0,STARTUP,0.1,17.92,1598.6,96.41,455.93,33.49,47.5,6.64,0.112,13.92
2026-03-30T10:00:39+00:00,39.0,STARTUP,0.1,18.07,1607.9,97.48,454.14,33.19,47.97,6.49,0.0994,13.97
2026-03-30T10:00:40+00:00,40.0,STARTUP,0.1,18.07,1610.4,98.43,452.62,33.36,48.64,6.53,0.0887,13.96
2026-03-30T10:00:41+00:00,41.0,STARTUP,0.1,18.05,1593.5,98.88,455.35,32.91,48.98,6.56,0.1162,13.94
2026-03-30T10:00:42+00:00,42.0,STARTUP,0.1,17.93,1606.3,99.1,455.19,33.01,49.12,6.36,0.118,13.94
2026-03-30T10:00:43+00:00,43.0,STARTUP,0.1,18.02,1595.2,99.47,454.42,32.35,49.25,6.59,0.1034,13.97
2026-03-30T10:00:44+00:00,44.0,STARTUP,0.1,18.01,1602.1,100.28,454.32,32.28,49.71,6.62,0.1089,13.98
2026-03-30T10:00:45+00:00,45.0,STARTUP,0.1,18.02,1597.8,101.42,452.8,32.62,50.04,6.88,0.1095,13.92
2026-03-30T10:00:46+00:00,46.0,STARTUP,0.1,18.09,1591.7,102.55,455.2,32.36,50.51,6.42,0.1169,13.92
2026-03-30T10:00:47+00:00,47.0,STARTUP,0.1,18.02,1577.5,103.53,454.7,32.6,50.76,6.37,0.1086,13.98
2026-03-30T10:00:48+00:00,48.0,STARTUP,0.1,18.07,1583.2,103.95,456.48,32.88,51.22,6.57,0.0841,13.91
2026-03-30T10:00:49+00:00,49.0,STARTUP,0.1,18.01,1575.1,104.65,456.14,32.68,51.52,6.55,0.1239,13.97
2026-03-30T10:00:50+00:00,50.0,STARTUP,0.1,18.03,1591.1,105.2,457.58,32.48,51.73,6.39,0.1129,14.0
2026-03-30T10:00:51+00:00,51.0,STARTUP,0.1,18.06,1603.8,105.78,457.24,32.52,52.0,6.44,0.0943,14.0
2026-03-30T10:00:52+00:00,52.0,STARTUP,0.1,17.85,1591.7,107.23,457.62,32.39,52.14,6.55,0.0878,13.98
2026-03-30T10:00:53+00:00,53.0,STARTUP,0.16,17.93,1716.1,107.28,465.46,32.86,52.79,7.01,0.1112,13.98
2026-03-30T10:00:54+00:00,54.0,STARTUP,0.22,17.89,1895.8,108.09,478.73,33.67,53.16,7.98,0.1084,14.03
2026-03-30T10:00:55+00:00,55.0,STARTUP,0.28,17.84,2114.7,109.6,495.75,34.65,53.66,9.2,0.1237,13.89
2026-03-30T10:00:56+00:00,56.0,STARTUP,0.34,17.84,2365.5,110.15,515.16,36.41,54.02,10.74,0.1382,13.95
2026-03-30T10:00:57+00:00,57.0,STARTUP,0.4,17.98,2616.1,111.17,539.6,37.54,54.33,12.06,0.1329,14.0
2026-03-30T10:00:58+00:00,58.0,STARTUP,0.46,17.71,2888.3,112.33,561.58,39.49,54.79,13.7,0.1382,13.96
2026-03-30T10:00:59+00:00,59.0,STARTUP,0.52,17.86,3140.4,113.74,586.39,40.73,55.49,15.6,0.1683,14.01
2026-03-30T10:01:00+00:00,60.0,TAKEOFF,0.58,17.57,3412.6,114.69,612.02,42.49,55.96,17.89,0.1711,13.98
2026-03-30T10:01:01+00:00,61.0,TAKEOFF,0.64,17.67,3676.8,116.63,638.82,44.54,56.42,20.21,0.1936,13.99
2026-03-30T10:01:02+00:00,62.0,TAKEOFF,0.7,17.68,3950.2,118.68,664.98,46.5,57.06,22.95,0.1914,13.98
2026-03-30T10:01:03+00:00,63.0,TAKEOFF,0.76,17.69,4213.4,120.75,692.55,48.01,57.78,25.5,0.2206,13.97
2026-03-30T10:01:04+00:00,64.0,TAKEOFF,0.82,17.67,4485.0,122.34,719.67,49.89,58.7,28.52,0.2497,13.97
2026-03-30T10:01:05+00:00,65.0,TAKEOFF,0.88,17.65,4757.7,124.4,745.34,51.72,59.46,31.66,0.2668,14.0
2026-03-30T10:01:06+00:00,66.0,TAKEOFF,0.94,17.5,5026.2,126.13,773.53,53.31,60.28,35.04,0.2693,13.97
2026-03-30T10:01:07+00:00,67.0,TAKEOFF,1.0,17.45,5310.7,128.17,800.35,55.33,61.14,38.96,0.2858,14.03
2026-03-30T10:01:08+00:00,68.0,TAKEOFF,1.0,17.59,5456.7,131.13,819.1,57.25,61.72,40.09,0.3101,14.02
2026-03-30T10:01:09+00:00,69.0,TAKEOFF,1.0,17.48,5531.2,133.19,834.88,58.26,62.32,40.62,0.3218,14.03
2026-03-30T10:01:10+00:00,70.0,TAKEOFF,1.0,17.37,5577.0,134.67,846.64,59.03,62.9,40.94,0.3232,13.97
2026-03-30T10:01:11+00:00,71.0,TAKEOFF,1.0,17.39,5599.8,136.65,855.16,59.58,63.45,41.13,0.3138,13.95
2026-03-30T10:01:12+00:00,72.0,TAKEOFF,1.0,17.41,5596.9,137.97,861.31,59.37,64.3,41.22,0.3234,14.0
2026-03-30T10:01:13+00:00,73.0,TAKEOFF,1.0,17.55,5601.4,139.31,862.78,59.74,65.08,41.3,0.3381,14.09
2026-03-30T10:01:14+00:00,74.0,TAKEOFF,1.0,17.51,5595.7,140.67,864.49,59.57,65.82,41.03,0.3222,14.04
2026-03-30T10:01:15+00:00,75.0,TAKEOFF,1.0,17.57,5598.0,142.24,869.75,59.59,66.15,41.19,0.3003,13.98
2026-03-30T10:01:16+00:00,76.0,TAKEOFF,1.0,17.46,5594.2,144.32,869.84,60.28,67.17,40.85,0.322,14.01
2026-03-30T10:01:17+00:00,77.0,TAKEOFF,1.0,17.52,5610.0,146.19,871.95,60.13,67.75,41.32,0.3452,14.02
2026-03-30T10:01:18+00:00,78.0,TAKEOFF,1.0,17.56,5608.0,147.99,871.91,59.92,68.77,41.38,0.3051,13.96
2026-03-30T10:01:19+00:00,79.0,TAKEOFF,1.0,17.47,5602.4,149.09,872.76,60.24,69.25,41.18,0.3205,14.04
2026-03-30T10:01:20+00:00,80.0,TAKEOFF,1.0,17.55,5610.8,150.38,872.56,59.94,69.82,41.56,0.3181,13.99
2026-03-30T10:01:21+00:00,81.0,TAKEOFF,1.0,17.43,5588.2,151.96,873.77,59.82,70.19,40.97,0.3203,14.0
2026-03-30T10:01:22+00:00,82.0,TAKEOFF,1.0,17.46,5577.8,153.13,874.12,60.14,70.93,41.04,0.3207,14.0
2026-03-30T10:01:23+00:00,83.0,TAKEOFF,1.0,17.46,5595.0,154.41,873.69,60.08,71.45,41.15,0.3333,14.03
2026-03-30T10:01:24+00:00,84.0,TAKEOFF,1.0,17.38,5597.9,155.94,872.65,59.66,71.97,41.17,0.3209,13.98
2026-03-30T10:01:25+00:00,85.0,TAKEOFF,1.0,17.55,5600.9,157.12,873.54,59.93,72.44,41.19,0.3354,13.95
2026-03-30T10:01:26+00:00,86.0,TAKEOFF,1.0,17.45,5589.9,158.49,872.35,59.83,73.23,41.13,0.3179,14.01
2026-03-30T10:01:27+00:00,87.0,TAKEOFF,1.0,17.5,5594.6,160.37,873.49,60.27,74.01,41.28,0.3154,13.94
2026-03-30T10:01:28+00:00,88.0,TAKEOFF,1.0,17.55,5613.3,161.49,877.0,60.05,74.95,41.52,0.3129,13.99
2026-03-30T10:01:29+00:00,89.0,TAKEOFF,1.0,17.54,5613.4,163.12,877.98,60.29,75.5,41.31,0.2992,14.04
2026-03-30T10:01:30+00:00,90.0,TAKEOFF,1.0,17.57,5608.2,164.46,877.92,60.56,76.18,41.39,0.3239,14.02
2026-03-30T10:01:31+00:00,91.0,TAKEOFF,1.0,17.49,5600.7,164.95,876.87,60.01,76.63,41.1,0.3447,14.03
2026-03-30T10:01:32+00:00,92.0,TAKEOFF,1.0,17.46,5597.2,165.56,873.88,59.79,77.22,41.29,0.3253,14.02
2026-03-30T10:01:33+00:00,93.0,TAKEOFF,1.0,17.49,5581.5,166.28,872.47,59.73,77.77,40.93,0.3269,14.07
2026-03-30T10:01:34+00:00,94.0,TAKEOFF,1.0,17.33,5592.6,166.95,874.54,59.35,78.47,41.3,0.3145,13.98
2026-03-30T10:01:35+00:00,95.0,TAKEOFF,1.0,17.36,5603.0,167.92,873.56,59.38,79.24,41.56,0.3173,14.01
2026-03-30T10:01:36+00:00,96.0,TAKEOFF,1.0,17.37,5588.9,169.14,872.96,59.19,80.0,41.09,0.331,13.99
2026-03-30T10:01:37+00:00,97.0,TAKEOFF,1.0,17.4,5589.0,170.58,873.17,59.03,80.48,40.78,0.3433,14.03
2026-03-30T10:01:38+00:00,98.0,TAKEOFF,1.0,17.54,5585.1,171.61,872.29,58.94,81.23,40.99,0.3368,14.0
2026-03-30T10:01:39+00:00,99.0,TAKEOFF,1.0,17.41,5584.6,172.3,871.42,58.85,81.82,41.25,0.3286,14.05
2026-03-30T10:01:40+00:00,100.0,TAKEOFF,1.0,17.46,5592.5,172.32,872.23,58.8,82.35,41.22,0.3199,13.98
2026-03-30T10:01:41+00:00,101.0,TAKEOFF,1.0,17.63,5579.5,173.21,871.84,58.52,82.83,41.06,0.3211,14.04
2026-03-30T10:01:42+00:00,102.0,TAKEOFF,1.0,17.46,5594.4,174.04,871.71,58.36,83.32,41.3,0.3106,14.02
2026-03-30T10:01:43+00:00,103.0,TAKEOFF,1.0,17.57,5603.1,174.92,871.62,58.33,84.16,41.3,0.3028,14.0
2026-03-30T10:01:44+00:00,104.0,TAKEOFF,1.0,17.41,5599.6,176.54,873.06,58.29,84.77,41.38,0.3065,14.02
2026-03-30T10:01:45+00:00,105.0,TAKEOFF,1.0,17.48,5580.0,177.77,873.18,58.06,85.35,41.17,0.3192,14.01
2026-03-30T10:01:46+00:00,106.0,TAKEOFF,1.0,17.4,5581.7,178.79,873.3,58.09,85.87,41.27,0.3152,14.01
2026-03-30T10:01:47+00:00,107.0,TAKEOFF,1.0,17.47,5600.5,179.07,874.38,57.55,86.79,41.26,0.3024,13.99
2026-03-30T10:01:48+00:00,108.0,TAKEOFF,1.0,17.58,5578.0,179.53,874.26,57.39,87.52,41.15,0.318,13.98
2026-03-30T10:01:49+00:00,109.0,TAKEOFF,1.0,17.33,5585.9,180.14,873.94,57.39,87.94,41.03,0.3152,13.99
2026-03-30T10:01:50+00:00,110.0,TAKEOFF,1.0,17.54,5583.3,180.47,874.68,57.21,88.42,40.97,0.3047,13.95
2026-03-30T10:01:51+00:00,111.0,TAKEOFF,1.0,17.52,5597.9,181.29,875.46,57.72,88.91,41.44,0.3154,14.03
2026-03-30T10:01:52+00:00,112.0,TAKEOFF,1.0,17.44,5593.5,182.03,875.01,57.58,89.45,41.18,0.3157,13.96
2026-03-30T10:01:53+00:00,113.0,TAKEOFF,0.99,17.19,5577.4,182.15,873.6,57.47,89.84,40.88,0.3106,13.99
2026-03-30T10:01:54+00:00,114.0,TAKEOFF,0.98,17.17,5548.0,183.15,870.25,57.11,90.4,40.29,0.3266,14.02
2026-03-30T10:01:55+00:00,115.0,TAKEOFF,0.97,16.95,5520.6,183.66,866.39,56.89,91.1,39.71,0.2903,14.02
2026-03-30T10:01:56+00:00,116.0,TAKEOFF,0.96,16.86,5467.8,183.4,864.2,56.3,91.37,39.12,0.2852,13.94
2026-03-30T10:01:57+00:00,117.0,TAKEOFF,0.95,16.67,5422.9,183.79,860.86,56.06,91.65,38.73,0.3056,13.99
2026-03-30T10:01:58+00:00,118.0,TAKEOFF,0.94,16.66,5362.5,184.29,857.13,55.54,92.03,37.88,0.3021,14.01
2026-03-30T10:01:59+00:00,119.0,TAKEOFF,0.93,16.31,5330.5,185.02,852.83,55.27,92.4,37.05,0.3033,14.0
2026-03-30T10:02:00+00:00,120.0,CLIMB,0.92,16.06,5276.1,185.17,848.04,54.34,93.12,36.61,0.2879,14.04
2026-03-30T10:02:01+00:00,121.0,CLIMB,0.91,16.02,5227.4,185.77,844.04,53.97,93.68,36.29,0.2797,13.97
2026-03-30T10:02:02+00:00,122.0,CLIMB,0.9,15.86,5184.3,186.07,840.08,54.24,94.22,35.43,0.2873,13.93
2026-03-30T10:02:03+00:00,123.0,CLIMB,0.89,15.8,5127.5,185.73,835.86,54.06,94.56,34.53,0.278,14.02
2026-03-30T10:02:04+00:00,124.0,CLIMB,0.88,15.58,5090.3,185.34,830.24,53.96,94.89,34.58,0.2991,13.98
2026-03-30T10:02:05+00:00,125.0,CLIMB,0.87,15.37,5054.8,185.95,826.61,53.81,95.03,33.91,0.2739,13.94
2026-03-30T10:02:06+00:00,126.0,CLIMB,0.86,15.31,5008.9,186.55,821.28,53.38,95.51,33.24,0.2738,13.99
2026-03-30T10:02:07+00:00,127.0,CLIMB,0.85,14.88,4947.9,186.75,816.44,52.65,95.92,32.52,0.2998,14.03
2026-03-30T10:02:08+00:00,128.0,CLIMB,0.85,14.94,4928.3,187.42,812.54,51.97,96.45,32.6,0.2666,13.95
2026-03-30T10:02:09+00:00,129.0,CLIMB,0.85,14.91,4925.2,187.89,809.69,52.07,96.75,32.33,0.2754,14.06
2026-03-30T10:02:10+00:00,130.0,CLIMB,0.85,14.96,4902.7,188.2,806.45,51.79,97.06,32.41,0.275,13.97
2026-03-30T10:02:11+00:00,131.0,CLIMB,0.85,14.86,4897.5,187.86,805.81,52.18,97.4,32.29,0.2757,14.0
2026-03-30T10:02:12+00:00,132.0,CLIMB,0.85,15.06,4910.5,188.59,808.01,51.7,97.86,32.34,0.2713,13.96
2026-03-30T10:02:13+00:00,133.0,CLIMB,0.85,14.98,4912.3,188.83,805.7,52.0,97.95,32.34,0.2702,13.99
2026-03-30T10:02:14+00:00,134.0,CLIMB,0.85,14.85,4914.3,188.68,804.54,51.62,98.38,32.3,0.2692,13.99
2026-03-30T10:02:15+00:00,135.0,CLIMB,0.85,14.9,4927.0,188.43,803.13,51.78,98.68,32.58,0.2619,13.95
2026-03-30T10:02:16+00:00,136.0,CLIMB,0.85,15.03,4922.3,188.55,802.1,51.94,98.82,32.26,0.2724,14.08
2026-03-30T10:02:17+00:00,137.0,CLIMB,0.85,15.08,4921.5,187.91,803.82,51.36,98.81,32.14,0.2928,13.98
2026-03-30T10:02:18+00:00,138.0,CLIMB,0.85,15.2,4937.4,188.23,802.46,51.16,99.09,32.59,0.284,13.98
2026-03-30T10:02:19+00:00,139.0,CLIMB,0.85,15.29,4922.2,187.88,801.73,50.83,99.6,32.48,0.2722,14.02
2026-03-30T10:02:20+00:00,140.0,CLIMB,0.85,15.04,4909.8,188.07,799.76,50.51,100.14,32.37,0.278,14.05
2026-03-30T10:02:21+00:00,141.0,CLIMB,0.85,14.9,4913.2,187.89,799.3,50.77,100.47,32.38,0.2575,14.03
2026-03-30T10:02:22+00:00,142.0,CLIMB,0.85,14.79,4915.0,187.82,797.8,50.68,101.04,32.29,0.2649,13.96
2026-03-30T10:02:23+00:00,143.0,CLIMB,0.85,15.03,4908.2,187.56,799.6,50.65,101.3,32.4,0.279,14.0
2026-03-30T10:02:24+00:00,144.0,CLIMB,0.85,14.92,4900.7,187.54,803.45,50.71,101.7,32.22,0.285,13.94
2026-03-30T10:02:25+00:00,145.0,CLIMB,0.85,14.96,4923.6,188.34,802.45,50.19,101.89,32.32,0.2594,14.02
2026-03-30T10:02:26+00:00,146.0,CLIMB,0.85,14.94,4919.5,188.92,800.17,50.64,102.07,32.32,0.2625,13.94
2026-03-30T10:02:27+00:00,147.0,CLIMB,0.85,14.99,4908.9,189.07,801.61,50.46,102.23,32.59,0.2939,13.97
2026-03-30T10:02:28+00:00,148.0,CLIMB,0.85,15.11,4916.6,189.07,800.74,50.6,102.17,32.09,0.2693,13.99
2026-03-30T10:02:29+00:00,149.0,CLIMB,0.85,15.02,4912.4,189.41,802.51,50.66,102.62,32.39,0.2898,14.01
2026-03-30T10:02:30+00:00,150.0,CLIMB,0.85,14.98,4909.1,189.86,801.87,50.87,102.78,32.04,0.2702,13.98
2026-03-30T10:02:31+00:00,151.0,CLIMB,0.85,14.9,4913.9,189.51,800.97,50.63,102.9,32.31,0.2709,14.04
2026-03-30T10:02:32+00:00,152.0,CLIMB,0.85,14.83,4901.5,189.46,800.82,49.94,102.97,32.17,0.2636,14.01
2026-03-30T10:02:33+00:00,153.0,CLIMB,0.85,14.95,4908.3,188.73,801.89,50.07,103.18,31.97,0.279,14.01
2026-03-30T10:02:34+00:00,154.0,CLIMB,0.85,14.99,4924.3,189.19,801.52,50.19,103.68,32.46,0.2849,13.96
2026-03-30T10:02:35+00:00,155.0,CLIMB,0.85,15.18,4921.0,190.02,800.99,49.91,104.24,32.32,0.256,14.04
2026-03-30T10:02:36+00:00,156.0,CLIMB,0.85,15.01,4912.5,190.03,800.89,50.01,104.21,32.0,0.2637,13.97
2026-03-30T10:02:37+00:00,157.0,CLIMB,0.85,15.1,4907.1,189.16,799.55,49.92,104.39,32.4,0.2785,14.04
2026-03-30T10:02:38+00:00,158.0,CLIMB,0.85,14.95,4905.1,189.41,800.55,49.61,104.46,32.48,0.2659,14.05
2026-03-30T10:02:39+00:00,159.0,CLIMB,0.85,14.88,4905.3,189.04,798.61,49.9,104.82,32.49,0.2615,14.01
2026-03-30T10:02:40+00:00,160.0,CLIMB,0.85,14.9,4904.4,188.78,798.84,49.74,105.08,32.31,0.2795,14.02
2026-03-30T10:02:41+00:00,161.0,CLIMB,0.85,14.93,4914.3,189.04,800.48,49.71,105.2,32.34,0.2813,13.9
2026-03-30T10:02:42+00:00,162.0,CLIMB,0.85,15.21,4898.2,189.15,801.17,49.61,105.42,32.41,0.2616,13.99
2026-03-30T10:02:43+00:00,163.0,CLIMB,0.85,14.92,4910.7,188.96,801.94,50.0,105.56,32.55,0.2703,14.03
2026-03-30T10:02:44+00:00,164.0,CLIMB,0.85,15.08,4907.2,188.71,801.75,49.88,106.01,32.45,0.2531,14.02
2026-03-30T10:02:45+00:00,165.0,CLIMB,0.85,14.91,4911.5,188.77,803.04,49.83,106.29,32.17,0.2571,13.96
2026-03-30T10:02:46+00:00,166.0,CLIMB,0.85,15.09,4901.6,188.63,803.72,49.62,106.58,32.26,0.2687,13.98
2026-03-30T10:02:47+00:00,167.0,CLIMB,0.85,15.04,4916.2,188.2,803.64,49.77,106.37,32.41,0.2685,13.92
2026-03-30T10:02:48+00:00,168.0,CLIMB,0.85,14.98,4923.0,188.1,804.15,50.09,106.55,32.12,0.257,14.0
2026-03-30T10:02:49+00:00,169.0,CLIMB,0.85,15.0,4924.2,188.26,804.31,50.08,107.06,32.47,0.2601,13.94
2026-03-30T10:02:50+00:00,170.0,CLIMB,0.85,14.93,4905.1,188.22,802.95,50.0,107.44,32.6,0.2547,14.03
2026-03-30T10:02:51+00:00,171.0,CLIMB,0.85,15.04,4914.0,187.68,800.93,49.96,107.33,32.42,0.2735,14.03
2026-03-30T10:02:52+00:00,172.0,CLIMB,0.85,14.95,4915.1,188.12,801.58,49.44,107.47,32.56,0.2445,13.98
2026-03-30T10:02:53+00:00,173.0,CLIMB,0.85,14.88,4899.7,187.06,802.14,49.21,107.46,32.25,0.255,14.01
2026-03-30T10:02:54+00:00,174.0,CLIMB,0.85,14.87,4904.4,186.94,803.2,49.22,107.89,32.24,0.245,13.99
2026-03-30T10:02:55+00:00,175.0,CLIMB,0.85,15.02,4909.9,186.76,801.59,49.09,108.09,32.35,0.2728,14.0
2026-03-30T10:02:56+00:00,176.0,CLIMB,0.85,15.16,4914.3,186.89,800.53,48.94,108.14,32.21,0.2464,13.96
2026-03-30T10:02:57+00:00,177.0,CLIMB,0.85,15.02,4913.5,187.18,801.36,48.63,108.31,32.18,0.2683,14.01
2026-03-30T10:02:58+00:00,178.0,CLIMB,0.85,14.99,4914.0,187.69,801.3,48.59,108.08,32.52,0.2877,13.94
2026-03-30T10:02:59+00:00,179.0,CLIMB,0.85,15.03,4923.7,187.45,799.12,48.87,108.08,32.6,0.2887,13.94
2026-03-30T10:03:00+00:00,180.0,CLIMB,0.85,15.13,4926.7,187.74,800.3,49.08,108.25,32.27,0.2471,13.99
2026-03-30T10:03:01+00:00,181.0,CLIMB,0.85,15.02,4895.5,187.86,798.39,48.92,108.54,32.33,0.2704,13.99
2026-03-30T10:03:02+00:00,182.0,CLIMB,0.85,14.96,4899.9,187.21,798.1,49.06,108.41,32.21,0.2553,14.0
2026-03-30T10:03:03+00:00,183.0,CLIMB,0.85,15.11,4903.4,188.03,800.7,49.02,108.52,32.3,0.253,13.97
2026-03-30T10:03:04+00:00,184.0,CLIMB,0.85,15.04,4892.4,187.49,803.09,49.33,108.83,32.24,0.2653,14.05
2026-03-30T10:03:05+00:00,185.0,CLIMB,0.85,15.15,4901.6,187.71,801.21,49.23,108.77,32.38,0.282,14.0
2026-03-30T10:03:06+00:00,186.0,CLIMB,0.85,15.02,4915.6,187.91,800.9,49.41,108.96,32.35,0.2753,14.0
2026-03-30T10:03:07+00:00,187.0,CLIMB,0.85,14.88,4904.0,188.06,801.06,49.35,109.12,32.46,0.2588,14.0
2026-03-30T10:03:08+00:00,188.0,CLIMB,0.85,14.86,4909.5,187.89,803.26,48.9,109.53,32.34,0.2762,14.02
2026-03-30T10:03:09+00:00,189.0,CLIMB,0.85,15.17,4902.3,188.27,802.2,48.93,109.64,32.33,0.2403,14.01
2026-03-30T10:03:10+00:00,190.0,CLIMB,0.85,15.17,4900.5,187.67,801.46,48.65,109.76,32.1,0.2581,14.01
2026-03-30T10:03:11+00:00,191.0,CLIMB,0.85,14.98,4916.8,187.69,803.33,48.78,110.03,32.67,0.2583,14.01
2026-03-30T10:03:12+00:00,192.0,CLIMB,0.85,14.96,4909.0,187.51,802.33,48.69,109.97,32.36,0.2686,13.94
2026-03-30T10:03:13+00:00,193.0,CLIMB,0.85,15.15,4913.1,187.29,803.01,48.92,110.08,32.43,0.2655,13.94
2026-03-30T10:03:14+00:00,194.0,CLIMB,0.85,14.89,4896.5,187.52,800.73,48.57,110.15,31.96,0.2652,13.99
2026-03-30T10:03:15+00:00,195.0,CLIMB,0.85,14.91,4917.8,187.99,800.72,48.75,110.26,32.23,0.2661,13.99
2026-03-30T10:03:16+00:00,196.0,CLIMB,0.85,15.06,4918.7,187.89,798.97,48.99,110.53,32.55,0.2686,14.01
2026-03-30T10:03:17+00:00,197.0,CLIMB,0.85,14.96,4912.9,188.24,798.4,49.18,110.74,32.36,0.2744,13.99
2026-03-30T10:03:18+00:00,198.0,CLIMB,0.85,15.0,4916.0,188.29,800.29,48.89,110.76,32.05,0.2699,14.01
2026-03-30T10:03:19+00:00,199.0,CLIMB,0.85,14.98,4901.6,187.96,800.54,48.86,110.91,32.39,0.2638,13.96
2026-03-30T10:03:20+00:00,200.0,CLIMB,0.85,15.03,4915.0,187.89,800.44,48.89,111.26,32.25,0.2729,13.99
2026-03-30T10:03:21+00:00,201.0,CLIMB,0.85,15.14,4909.9,187.82,799.88,49.24,111.26,32.51,0.2777,13.95
2026-03-30T10:03:22+00:00,202.0,CLIMB,0.85,15.01,4908.2,187.58,800.06,48.68,111.4,32.27,0.261,14.0
2026-03-30T10:03:23+00:00,203.0,CLIMB,0.85,15.06,4905.0,187.8,800.83,48.46,111.49,32.29,0.2667,13.94
2026-03-30T10:03:24+00:00,204.0,CLIMB,0.85,14.79,4902.7,187.93,802.11,49.25,111.6,32.42,0.2812,14.0
2026-03-30T10:03:25+00:00,205.0,CLIMB,0.85,15.0,4911.7,187.33,798.77,48.99,111.47,32.17,0.2546,13.95
2026-03-30T10:03:26+00:00,206.0,CLIMB,0.85,14.92,4912.8,186.72,798.51,48.41,111.8,32.17,0.2896,13.98
2026-03-30T10:03:27+00:00,207.0,CLIMB,0.85,14.88,4916.5,186.96,799.51,48.39,111.79,32.32,0.2521,14.02
2026-03-30T10:03:28+00:00,208.0,CLIMB,0.85,14.91,4913.1,186.7,799.92,47.81,112.05,32.44,0.2638,14.0
2026-03-30T10:03:29+00:00,209.0,CLIMB,0.85,14.97,4915.6,186.89,800.84,48.21,112.07,32.14,0.2567,13.94
2026-03-30T10:03:30+00:00,210.0,CLIMB,0.85,15.09,4909.4,187.27,801.37,48.58,112.08,32.04,0.294,13.97
2026-03-30T10:03:31+00:00,211.0,CLIMB,0.85,14.87,4927.4,186.81,801.01,48.41,112.37,32.55,0.2628,13.95
2026-03-30T10:03:32+00:00,212.0,CLIMB,0.85,15.0,4906.3,186.32,800.5,48.33,112.62,32.18,0.2615,13.94
2026-03-30T10:03:33+00:00,213.0,CLIMB,0.85,14.95,4918.0,187.07,800.48,48.66,112.75,32.3,0.2638,14.0
2026-03-30T10:03:34+00:00,214.0,CLIMB,0.85,14.97,4924.9,187.27,802.15,48.19,112.96,32.13,0.2698,14.01
2026-03-30T10:03:35+00:00,215.0,CLIMB,0.85,15.1,4910.7,187.16,801.11,47.98,113.02,32.2,0.2639,14.01
2026-03-30T10:03:36+00:00,216.0,CLIMB,0.85,15.05,4928.1,186.84,801.18,48.16,113.11,32.43,0.2673,14.01
2026-03-30T10:03:37+00:00,217.0,CLIMB,0.85,15.13,4927.1,186.71,801.56,48.13,113.1,32.56,0.2265,13.99
2026-03-30T10:03:38+00:00,218.0,CLIMB,0.85,14.98,4926.4,186.3,803.42,48.22,113.33,32.3,0.2695,13.98
2026-03-30T10:03:39+00:00,219.0,CLIMB,0.85,14.93,4918.5,186.74,802.5,48.0,113.31,32.61,0.2685,13.96
2026-03-30T10:03:40+00:00,220.0,CLIMB,0.85,14.98,4912.5,186.5,803.35,48.21,113.62,32.21,0.2804,13.98
2026-03-30T10:03:41+00:00,221.0,CLIMB,0.85,15.02,4909.5,187.01,804.3,48.23,113.66,32.19,0.2834,13.95
2026-03-30T10:03:42+00:00,222.0,CLIMB,0.85,15.02,4912.7,186.92,803.43,48.42,113.75,32.55,0.2657,13.97
2026-03-30T10:03:43+00:00,223.0,CLIMB,0.85,14.89,4922.5,186.56,802.6,48.46,113.94,32.42,0.2783,14.0
2026-03-30T10:03:44+00:00,224.0,CLIMB,0.85,15.01,4917.7,186.47,801.9,48.47,114.03,32.27,0.255,13.99
2026-03-30T10:03:45+00:00,225.0,CLIMB,0.85,15.02,4906.5,185.5,801.47,48.02,114.06,32.25,0.2767,14.08
2026-03-30T10:03:46+00:00,226.0,CLIMB,0.85,15.25,4914.7,185.56,802.59,48.26,114.13,32.53,0.2612,13.95
2026-03-30T10:03:47+00:00,227.0,CLIMB,0.85,15.19,4919.6,185.6,802.62,48.19,114.34,32.59,0.2541,13.99
2026-03-30T10:03:48+00:00,228.0,CLIMB,0.85,14.91,4920.1,186.03,802.56,48.2,114.31,32.25,0.2662,13.95
2026-03-30T10:03:49+00:00,229.0,CLIMB,0.85,14.97,4921.0,185.37,800.91,48.5,114.36,32.37,0.2852,13.98
2026-03-30T10:03:50+00:00,230.0,CLIMB,0.85,14.85,4913.3,185.94,799.86,48.22,114.43,32.34,0.2701,13.98
2026-03-30T10:03:51+00:00,231.0,CLIMB,0.85,14.94,4904.2,186.36,802.86,48.53,114.64,32.11,0.2853,14.02
2026-03-30T10:03:52+00:00,232.0,CLIMB,0.85,15.03,4899.9,186.94,802.24,48.72,114.69,32.21,0.2581,13.98
2026-03-30T10:03:53+00:00,233.0,CLIMB,0.85,15.12,4891.6,186.99,801.1,48.62,115.03,32.16,0.2792,13.99
2026-03-30T10:03:54+00:00,234.0,CLIMB,0.85,14.93,4902.3,187.46,802.88,48.15,115.08,32.41,0.2594,13.98
2026-03-30T10:03:55+00:00,235.0,CLIMB,0.85,14.93,4905.3,186.92,802.79,47.57,115.1,32.44,0.2702,13.95
2026-03-30T10:03:56+00:00,236.0,CLIMB,0.85,14.79,4903.9,187.26,803.02,48.03,115.14,32.2,0.27,13.97
2026-03-30T10:03:57+00:00,237.0,CLIMB,0.85,14.98,4883.1,187.01,802.36,48.02,115.01,32.07,0.274,13.98
2026-03-30T10:03:58+00:00,238.0,CLIMB,0.85,14.89,4886.1,186.41,801.65,47.81,114.92,32.22,0.2693,13.99
2026-03-30T10:03:59+00:00,239.0,CLIMB,0.85,14.95,4906.6,186.04,801.37,48.22,114.9,32.18,0.2587,14.01
2026-03-30T10:04:00+00:00,240.0,CLIMB,0.85,14.91,4902.8,186.13,799.69,47.94,115.14,32.33,0.2779,13.99
2026-03-30T10:04:01+00:00,241.0,CLIMB,0.85,14.99,4909.0,185.89,800.08,47.89,115.19,32.28,0.2885,13.98
2026-03-30T10:04:02+00:00,242.0,CLIMB,0.85,14.82,4898.3,186.13,800.75,48.07,115.18,32.06,0.26,13.94
2026-03-30T10:04:03+00:00,243.0,CLIMB,0.85,14.85,4915.3,185.49,803.13,47.79,115.42,32.19,0.2461,14.01
2026-03-30T10:04:04+00:00,244.0,CLIMB,0.85,15.21,4911.5,184.75,802.83,47.85,115.71,32.52,0.2738,13.97
2026-03-30T10:04:05+00:00,245.0,CLIMB,0.85,14.87,4912.9,185.43,799.61,48.17,115.94,32.3,0.264,14.01
2026-03-30T10:04:06+00:00,246.0,CLIMB,0.85,14.89,4930.0,185.89,800.01,48.19,115.86,32.69,0.2674,14.03
2026-03-30T10:04:07+00:00,247.0,CLIMB,0.85,15.18,4932.3,185.57,803.81,48.47,115.84,32.38,0.2758,13.99
2026-03-30T10:04:08+00:00,248.0,CLIMB,0.85,15.29,4918.8,185.68,804.3,48.56,116.16,32.41,0.2628,13.96
2026-03-30T10:04:09+00:00,249.0,CLIMB,0.85,14.88,4909.7,186.19,802.48,48.3,116.25,32.65,0.2645,13.99
2026-03-30T10:04:10+00:00,250.0,CLIMB,0.85,14.96,4907.1,186.44,802.88,47.55,116.25,32.12,0.2664,14.0
2026-03-30T10:04:11+00:00,251.0,CLIMB,0.85,15.03,4912.5,186.58,801.61,47.4,116.41,32.03,0.2855,13.98
2026-03-30T10:04:12+00:00,252.0,CLIMB,0.85,15.17,4910.3,187.1,800.0,47.76,116.61,32.49,0.2681,13.98
2026-03-30T10:04:13+00:00,253.0,CLIMB,0.85,14.9,4906.9,186.86,799.96,47.4,116.56,32.15,0.2527,14.01
2026-03-30T10:04:14+00:00,254.0,CLIMB,0.85,14.98,4920.0,186.94,800.5,47.51,116.64,32.37,0.254,14.01
2026-03-30T10:04:15+00:00,255.0,CLIMB,0.85,15.08,4914.1,187.0,798.56,47.71,116.82,32.24,0.2697,13.98
2026-03-30T10:04:16+00:00,256.0,CLIMB,0.85,15.04,4930.4,186.95,798.05,48.18,116.69,32.49,0.2555,13.94
2026-03-30T10:04:17+00:00,257.0,CLIMB,0.85,14.96,4921.1,186.86,799.04,47.92,116.73,32.24,0.2497,14.01
2026-03-30T10:04:18+00:00,258.0,CLIMB,0.85,14.99,4929.8,186.96,799.26,47.77,116.6,32.42,0.2766,13.97
2026-03-30T10:04:19+00:00,259.0,CLIMB,0.85,14.86,4922.9,187.03,800.33,47.82,116.5,32.46,0.2768,14.0
2026-03-30T10:04:20+00:00,260.0,CLIMB,0.85,14.98,4924.2,186.67,799.21,47.96,116.46,32.25,0.2642,14.0
2026-03-30T10:04:21+00:00,261.0,CLIMB,0.85,14.97,4911.4,187.07,800.7,47.88,116.57,32.2,0.2714,13.94
2026-03-30T10:04:22+00:00,262.0,CLIMB,0.85,15.02,4903.7,186.74,799.49,48.11,116.57,32.2,0.2696,13.99
2026-03-30T10:04:23+00:00,263.0,CLIMB,0.85,14.94,4910.3,186.72,802.0,47.8,116.51,32.09,0.275,14.01
2026-03-30T10:04:24+00:00,264.0,CLIMB,0.85,15.05,4917.9,186.67,799.82,47.87,116.56,32.29,0.2755,14.01
2026-03-30T10:04:25+00:00,265.0,CLIMB,0.85,15.1,4914.3,186.89,799.02,47.99,116.44,32.35,0.2367,14.0
2026-03-30T10:04:26+00:00,266.0,CLIMB,0.85,15.02,4901.8,186.11,800.2,47.81,116.54,32.18,0.2643,13.93
2026-03-30T10:04:27+00:00,267.0,CLIMB,0.85,15.04,4894.8,186.56,802.54,47.97,116.76,32.14,0.273,14.03
2026-03-30T10:04:28+00:00,268.0,CLIMB,0.85,15.01,4890.6,186.37,802.58,47.89,116.78,32.15,0.2616,14.0
2026-03-30T10:04:29+00:00,269.0,CLIMB,0.85,15.0,4885.8,186.94,802.9,47.99,116.79,32.02,0.2667,13.96
2026-03-30T10:04:30+00:00,270.0,CLIMB,0.85,14.93,4898.3,186.81,802.47,47.92,116.89,32.31,0.276,13.97
2026-03-30T10:04:31+00:00,271.0,CLIMB,0.85,15.03,4912.9,186.86,800.97,47.99,116.62,32.53,0.2689,14.0
2026-03-30T10:04:32+00:00,272.0,CLIMB,0.85,14.99,4911.2,187.69,800.52,47.76,116.75,32.24,0.2859,14.01
2026-03-30T10:04:33+00:00,273.0,CLIMB,0.85,15.21,4892.4,187.63,799.37,47.54,117.26,32.24,0.2802,13.98
2026-03-30T10:04:34+00:00,274.0,CLIMB,0.85,15.16,4899.3,188.18,798.46,47.88,117.28,32.18,0.2657,14.02
2026-03-30T10:04:35+00:00,275.0,CLIMB,0.85,15.04,4903.1,188.22,799.8,47.95,117.3,32.3,0.2649,13.94
2026-03-30T10:04:36+00:00,276.0,CLIMB,0.85,14.92,4923.1,188.42,798.92,47.62,117.45,32.63,0.2344,13.96
2026-03-30T10:04:37+00:00,277.0,CLIMB,0.85,14.89,4904.9,188.46,799.97,47.66,117.73,32.34,0.2635,13.93
2026-03-30T10:04:38+00:00,278.0,CLIMB,0.85,15.12,4904.1,188.83,798.86,47.02,117.91,31.99,0.2511,13.97
2026-03-30T10:04:39+00:00,279.0,CLIMB,0.85,15.03,4920.5,188.57,799.98,47.15,117.61,32.44,0.2711,14.04
2026-03-30T10:04:40+00:00,280.0,CLIMB,0.85,15.05,4918.9,188.19,799.85,47.6,117.73,32.55,0.2701,14.05
2026-03-30T10:04:41+00:00,281.0,CLIMB,0.85,14.83,4918.9,187.96,801.95,47.58,118.15,32.33,0.2767,14.0
2026-03-30T10:04:42+00:00,282.0,CLIMB,0.85,15.09,4915.4,188.04,802.24,47.6,118.26,32.49,0.2848,13.97
2026-03-30T10:04:43+00:00,283.0,CLIMB,0.85,15.05,4915.3,187.99,803.53,46.84,118.11,32.23,0.2678,13.99
2026-03-30T10:04:44+00:00,284.0,CLIMB,0.85,14.89,4918.8,188.3,802.01,47.05,118.18,32.14,0.2957,14.01
2026-03-30T10:04:45+00:00,285.0,CLIMB,0.85,14.95,4907.9,188.85,801.9,47.33,118.02,32.3,0.2704,13.95
2026-03-30T10:04:46+00:00,286.0,CLIMB,0.85,15.03,4915.8,188.47,800.62,47.54,118.23,32.08,0.2524,13.98
2026-03-30T10:04:47+00:00,287.0,CLIMB,0.85,15.01,4901.9,188.2,800.35,47.77,118.11,32.2,0.2605,14.04
2026-03-30T10:04:48+00:00,288.0,CLIMB,0.85,14.97,4908.3,187.66,800.34,47.63,118.14,32.48,0.2632,13.96
2026-03-30T10:04:49+00:00,289.0,CLIMB,0.85,14.99,4910.4,188.51,799.78,47.56,118.04,32.01,0.2749,13.97
2026-03-30T10:04:50+00:00,290.0,CLIMB,0.85,14.97,4905.2,188.66,798.78,47.22,117.99,32.07,0.2561,13.99
2026-03-30T10:04:51+00:00,291.0,CLIMB,0.85,15.02,4907.2,188.87,797.85,47.29,118.24,32.12,0.264,14.0
2026-03-30T10:04:52+00:00,292.0,CLIMB,0.85,15.15,4903.5,188.34,796.1,47.05,118.28,32.24,0.2654,13.97
2026-03-30T10:04:53+00:00,293.0,CLIMB,0.8367,14.54,4868.2,188.33,794.46,46.67,118.21,31.66,0.2592,13.99
2026-03-30T10:04:54+00:00,294.0,CLIMB,0.8233,14.58,4826.2,188.49,793.59,46.53,118.05,31.34,0.2712,14.01
2026-03-30T10:04:55+00:00,295.0,CLIMB,0.81,14.42,4768.9,188.31,788.47,46.96,117.77,30.59,0.2651,14.05
2026-03-30T10:04:56+00:00,296.0,CLIMB,0.7967,14.23,4721.3,188.63,783.28,46.66,117.58,29.92,0.268,13.99
2026-03-30T10:04:57+00:00,297.0,CLIMB,0.7833,13.96,4655.4,189.4,781.48,46.43,117.59,29.14,0.2456,13.99
2026-03-30T10:04:58+00:00,298.0,CLIMB,0.77,13.62,4606.9,188.81,775.42,45.96,117.72,28.58,0.2606,14.03
2026-03-30T10:04:59+00:00,299.0,CLIMB,0.7567,13.63,4537.3,188.17,770.45,45.18,117.61,27.66,0.2252,13.97
2026-03-30T10:05:00+00:00,300.0,CRUISE,0.7433,13.57,4476.9,187.58,765.48,45.22,117.81,27.26,0.2209,13.95
2026-03-30T10:05:01+00:00,301.0,CRUISE,0.73,13.05,4415.9,187.96,760.0,44.31,117.65,26.32,0.219,13.99
2026-03-30T10:05:02+00:00,302.0,CRUISE,0.7167,13.09,4370.7,188.07,751.73,44.05,117.57,26.07,0.2306,14.02
2026-03-30T10:05:03+00:00,303.0,CRUISE,0.7033,12.77,4310.1,187.68,745.48,43.87,117.35,25.49,0.241,14.0
2026-03-30T10:05:04+00:00,304.0,CRUISE,0.69,12.59,4245.2,187.32,737.5,43.65,117.43,24.69,0.2153,13.98
2026-03-30T10:05:05+00:00,305.0,CRUISE,0.6767,12.29,4188.1,186.6,734.8,43.11,117.66,24.05,0.2132,13.94
2026-03-30T10:05:06+00:00,306.0,CRUISE,0.6633,12.17,4108.6,186.55,726.17,42.32,117.31,23.42,0.2116,13.98
2026-03-30T10:05:07+00:00,307.0,CRUISE,0.65,12.13,4055.0,185.97,718.88,41.96,117.16,22.38,0.2177,14.02
2026-03-30T10:05:08+00:00,308.0,CRUISE,0.65,12.06,4043.7,185.44,713.62,41.73,117.26,22.79,0.2046,13.95
2026-03-30T10:05:09+00:00,309.0,CRUISE,0.65,12.17,4023.1,185.28,709.31,41.54,116.95,22.6,0.2028,13.98
2026-03-30T10:05:10+00:00,310.0,CRUISE,0.65,12.12,4011.9,184.81,709.6,41.84,116.94,22.54,0.1925,13.97
2026-03-30T10:05:11+00:00,311.0,CRUISE,0.65,12.04,4010.0,184.33,711.07,41.46,117.03,22.64,0.2017,13.96
2026-03-30T10:05:12+00:00,312.0,CRUISE,0.65,12.17,4011.9,183.96,708.68,41.62,116.94,22.54,0.2228,13.99
2026-03-30T10:05:13+00:00,313.0,CRUISE,0.65,12.04,3989.7,183.92,705.88,41.62,116.93,22.24,0.2086,14.0
2026-03-30T10:05:14+00:00,314.0,CRUISE,0.65,12.08,3980.8,184.22,702.77,41.79,117.1,22.34,0.1982,14.0
2026-03-30T10:05:15+00:00,315.0,CRUISE,0.65,11.97,3991.4,184.08,702.92,41.63,117.29,22.43,0.2224,13.95
2026-03-30T10:05:16+00:00,316.0,CRUISE,0.65,12.01,3989.4,184.04,702.94,41.77,117.18,22.43,0.2005,13.93
2026-03-30T10:05:17+00:00,317.0,CRUISE,0.65,11.93,4004.6,183.59,702.56,41.66,117.0,22.53,0.2253,13.99
2026-03-30T10:05:18+00:00,318.0,CRUISE,0.65,12.1,3999.4,182.96,703.38,41.76,116.76,22.63,0.2249,13.97
2026-03-30T10:05:19+00:00,319.0,CRUISE,0.65,11.88,3983.7,182.88,704.07,41.28,116.81,22.22,0.2079,14.04
2026-03-30T10:05:20+00:00,320.0,CRUISE,0.65,12.08,3981.1,182.62,704.55,40.72,116.51,22.39,0.1891,14.04
2026-03-30T10:05:21+00:00,321.0,CRUISE,0.65,11.98,3967.8,181.72,704.07,41.12,116.38,22.48,0.2339,14.04
2026-03-30T10:05:22+00:00,322.0,CRUISE,0.65,12.12,3981.1,181.3,702.85,41.41,116.29,22.1,0.2117,13.95
2026-03-30T10:05:23+00:00,323.0,CRUISE,0.65,12.08,3988.4,180.98,704.09,41.63,116.12,22.43,0.2036,14.0
2026-03-30T10:05:24+00:00,324.0,CRUISE,0.65,12.18,3990.2,180.5,704.24,41.52,116.07,22.33,0.219,14.01
2026-03-30T10:05:25+00:00,325.0,CRUISE,0.65,12.07,4003.1,180.83,705.38,41.97,116.36,22.44,0.2166,14.01
2026-03-30T10:05:26+00:00,326.0,CRUISE,0.65,11.84,4010.7,180.74,706.02,41.78,116.25,22.41,0.2243,13.97
2026-03-30T10:05:27+00:00,327.0,CRUISE,0.65,11.99,4003.7,181.01,703.86,41.88,116.09,22.47,0.2003,14.02
2026-03-30T10:05:28+00:00,328.0,CRUISE,0.65,11.88,3984.4,180.84,702.22,41.93,116.14,22.66,0.2111,13.98
2026-03-30T10:05:29+00:00,329.0,CRUISE,0.65,11.95,3996.4,180.59,701.91,42.28,116.08,22.27,0.1936,13.99
2026-03-30T10:05:30+00:00,330.0,CRUISE,0.65,12.15,4002.2,179.95,701.4,41.99,116.2,22.31,0.2161,13.94
2026-03-30T10:05:31+00:00,331.0,CRUISE,0.65,12.06,4003.1,179.71,703.19,41.74,116.13,22.3,0.2079,14.0
2026-03-30T10:05:32+00:00,332.0,CRUISE,0.65,11.93,4009.0,179.47,703.94,41.4,115.99,22.79,0.2119,13.97
2026-03-30T10:05:33+00:00,333.0,CRUISE,0.65,11.9,3994.8,178.68,705.35,41.94,115.63,22.38,0.206,14.0
2026-03-30T10:05:34+00:00,334.0,CRUISE,0.65,12.0,4013.0,178.25,705.58,42.06,115.29,22.55,0.2057,13.99
2026-03-30T10:05:35+00:00,335.0,CRUISE,0.65,11.88,3998.5,177.92,705.45,42.13,114.92,22.41,0.1975,13.99
2026-03-30T10:05:36+00:00,336.0,CRUISE,0.65,11.93,4004.8,177.89,706.58,42.86,114.89,22.36,0.2178,13.98
2026-03-30T10:05:37+00:00,337.0,CRUISE,0.65,12.03,3988.5,177.88,706.52,42.58,114.6,22.37,0.2253,14.01
2026-03-30T10:05:38+00:00,338.0,CRUISE,0.65,12.12,3986.2,177.46,706.01,41.98,114.71,22.76,0.2007,13.98
2026-03-30T10:05:39+00:00,339.0,CRUISE,0.65,12.06,4004.6,177.47,707.36,41.96,114.63,22.71,0.2149,13.94
2026-03-30T10:05:40+00:00,340.0,CRUISE,0.65,11.77,3999.8,177.21,706.58,41.74,114.51,22.35,0.2132,14.0
2026-03-30T10:05:41+00:00,341.0,CRUISE,0.65,12.03,4006.2,175.89,705.62,41.79,114.29,22.61,0.2085,13.96
2026-03-30T10:05:42+00:00,342.0,CRUISE,0.65,12.01,4004.6,175.56,704.28,41.81,114.3,22.38,0.19,13.94
2026-03-30T10:05:43+00:00,343.0,CRUISE,0.65,12.04,4001.1,175.86,705.17,41.78,114.1,22.22,0.1925,13.95
2026-03-30T10:05:44+00:00,344.0,CRUISE,0.65,12.16,4011.0,175.06,706.51,41.61,113.87,22.7,0.1992,13.99
2026-03-30T10:05:45+00:00,345.0,CRUISE,0.65,11.79,4003.3,174.99,705.79,42.22,113.96,22.67,0.1825,13.98
2026-03-30T10:05:46+00:00,346.0,CRUISE,0.65,11.94,3987.0,175.51,706.92,42.23,113.94,22.55,0.2243,13.92
2026-03-30T10:05:47+00:00,347.0,CRUISE,0.65,12.06,3986.4,175.08,703.84,42.11,113.82,22.32,0.2118,13.97
2026-03-30T10:05:48+00:00,348.0,CRUISE,0.65,11.84,3997.0,174.97,703.87,42.31,113.84,22.43,0.2075,14.02
2026-03-30T10:05:49+00:00,349.0,CRUISE,0.65,12.15,4001.2,174.34,704.03,42.37,113.76,22.6,0.1818,13.97
2026-03-30T10:05:50+00:00,350.0,CRUISE,0.65,12.04,3987.6,174.9,703.25,42.33,113.73,22.46,0.1855,13.98
2026-03-30T10:05:51+00:00,351.0,CRUISE,0.65,12.08,3987.4,174.76,706.44,42.42,113.53,22.34,0.2074,14.01
2026-03-30T10:05:52+00:00,352.0,CRUISE,0.65,11.94,3988.4,174.67,705.75,42.32,113.77,22.16,0.2311,14.01
2026-03-30T10:05:53+00:00,353.0,CRUISE,0.65,12.08,3990.7,175.11,704.89,42.41,113.6,22.44,0.1992,14.01
2026-03-30T10:05:54+00:00,354.0,CRUISE,0.65,12.11,3983.7,175.27,704.79,42.46,113.76,22.54,0.2176,13.9
2026-03-30T10:05:55+00:00,355.0,CRUISE,0.65,12.02,3986.2,174.8,702.26,42.36,113.65,22.21,0.2016,14.03
2026-03-30T10:05:56+00:00,356.0,CRUISE,0.65,12.02,3986.6,174.44,701.94,42.2,113.69,22.49,0.208,14.0
2026-03-30T10:05:57+00:00,357.0,CRUISE,0.65,12.03,3998.8,174.54,703.82,42.57,113.72,22.52,0.2226,14.06
2026-03-30T10:05:58+00:00,358.0,CRUISE,0.65,11.91,4005.4,174.19,703.21,42.3,113.82,22.62,0.2042,13.96
2026-03-30T10:05:59+00:00,359.0,CRUISE,0.65,11.99,4001.2,173.25,702.55,42.36,113.6,22.61,0.1998,13.93
2026-03-30T10:06:00+00:00,360.0,CRUISE,0.65,11.98,3997.0,173.17,704.64,42.38,113.68,22.35,0.2249,13.98
2026-03-30T10:06:01+00:00,361.0,CRUISE,0.65,12.04,3999.1,172.52,706.19,42.13,113.87,22.23,0.2085,13.97
2026-03-30T10:06:02+00:00,362.0,CRUISE,0.65,12.1,3992.6,173.13,706.32,41.9,113.75,22.35,0.2208,14.0
2026-03-30T10:06:03+00:00,363.0,CRUISE,0.65,11.89,3986.5,173.14,705.17,41.86,113.67,22.53,0.1991,14.01
2026-03-30T10:06:04+00:00,364.0,CRUISE,0.65,11.99,3985.1,172.72,704.64,41.8,113.51,22.31,0.2242,13.98
2026-03-30T10:06:05+00:00,365.0,CRUISE,0.65,12.15,3986.8,172.4,703.63,41.52,113.38,22.29,0.2107,13.98
2026-03-30T10:06:06+00:00,366.0,CRUISE,0.65,11.93,3983.5,171.6,702.6,41.53,113.55,22.1,0.2124,14.0
2026-03-30T10:06:07+00:00,367.0,CRUISE,0.65,11.92,3992.3,171.15,701.82,41.79,113.31,22.69,0.2092,13.97
2026-03-30T10:06:08+00:00,368.0,CRUISE,0.65,12.02,4001.5,171.55,701.82,42.22,113.09,22.61,0.202,13.97
2026-03-30T10:06:09+00:00,369.0,CRUISE,0.65,12.08,3987.6,172.43,701.32,42.25,113.26,22.52,0.2074,14.01
2026-03-30T10:06:10+00:00,370.0,CRUISE,0.65,12.0,3993.4,172.69,700.3,41.48,113.27,22.58,0.2024,14.02
2026-03-30T10:06:11+00:00,371.0,CRUISE,0.65,12.13,3994.4,172.61,701.76,41.8,113.52,22.53,0.2193,14.02
2026-03-30T10:06:12+00:00,372.0,CRUISE,0.65,12.09,3999.4,172.4,702.82,41.71,113.37,22.44,0.2056,13.98
2026-03-30T10:06:13+00:00,373.0,CRUISE,0.65,12.08,3999.1,171.98,705.34,41.89,113.31,22.45,0.19,13.92
2026-03-30T10:06:14+00:00,374.0,CRUISE,0.65,12.06,3987.5,172.78,704.27,41.86,113.13,22.34,0.1872,13.98
2026-03-30T10:06:15+00:00,375.0,CRUISE,0.65,12.23,3983.0,172.66,704.71,41.78,113.08,22.77,0.1865,13.96
2026-03-30T10:06:16+00:00,376.0,CRUISE,0.65,11.98,3991.1,173.47,704.98,41.78,112.75,22.51,0.215,13.98
2026-03-30T10:06:17+00:00,377.0,CRUISE,0.65,11.8,4003.2,173.95,704.44,41.82,112.79,22.43,0.1944,13.96
2026-03-30T10:06:18+00:00,378.0,CRUISE,0.65,12.16,3983.5,173.18,705.35,42.12,112.77,22.45,0.2108,13.98
2026-03-30T10:06:19+00:00,379.0,CRUISE,0.65,11.95,3993.8,172.86,705.99,41.99,112.69,22.29,0.2094,13.95
2026-03-30T10:06:20+00:00,380.0,CRUISE,0.65,12.01,4005.9,172.54,705.94,42.21,112.57,22.74,0.2076,13.94
2026-03-30T10:06:21+00:00,381.0,CRUISE,0.65,12.13,4001.3,172.47,705.25,42.3,112.37,22.39,0.2134,14.02
2026-03-30T10:06:22+00:00,382.0,CRUISE,0.65,11.84,4004.6,172.41,704.53,42.28,112.42,22.58,0.2102,13.95
2026-03-30T10:06:23+00:00,383.0,CRUISE,0.65,11.87,3996.3,173.57,702.8,41.63,112.19,22.61,0.1753,13.98
2026-03-30T10:06:24+00:00,384.0,CRUISE,0.65,11.84,3996.7,173.07,702.23,41.95,112.21,22.51,0.204,14.01
2026-03-30T10:06:25+00:00,385.0,CRUISE,0.65,11.92,3984.9,173.11,702.04,41.69,112.46,22.4,0.2124,14.01
2026-03-30T10:06:26+00:00,386.0,CRUISE,0.65,12.04,3973.0,173.3,701.33,41.77,112.63,22.32,0.2264,14.01
2026-03-30T10:06:27+00:00,387.0,CRUISE,0.65,12.05,3993.2,173.24,702.74,41.46,112.34,22.43,0.2279,13.99
2026-03-30T10:06:28+00:00,388.0,CRUISE,0.65,12.03,3988.2,173.23,704.63,41.2,112.21,22.32,0.1911,14.0
2026-03-30T10:06:29+00:00,389.0,CRUISE,0.65,11.86,3989.8,172.75,703.41,41.83,112.21,22.35,0.2033,14.02
2026-03-30T10:06:30+00:00,390.0,CRUISE,0.65,11.77,3983.2,172.75,703.93,41.45,112.15,22.6,0.1884,14.0
2026-03-30T10:06:31+00:00,391.0,CRUISE,0.65,12.01,3979.7,172.91,702.79,41.74,111.89,22.34,0.2252,13.93
2026-03-30T10:06:32+00:00,392.0,CRUISE,0.65,11.95,3987.7,172.99,702.84,41.67,111.89,22.28,0.2196,13.97
2026-03-30T10:06:33+00:00,393.0,CRUISE,0.65,12.05,3987.4,173.17,702.45,41.48,111.85,22.32,0.2116,14.0
2026-03-30T10:06:34+00:00,394.0,CRUISE,0.65,12.07,3996.1,173.68,703.74,41.45,112.09,22.62,0.2098,13.96
2026-03-30T10:06:35+00:00,395.0,CRUISE,0.65,12.01,4001.2,173.99,703.12,41.13,112.0,22.58,0.2247,14.03
2026-03-30T10:06:36+00:00,396.0,CRUISE,0.65,12.08,4002.7,173.94,704.73,41.24,112.13,22.58,0.2227,13.98
2026-03-30T10:06:37+00:00,397.0,CRUISE,0.65,12.02,4002.8,173.4,704.35,41.04,111.89,22.45,0.2221,13.99
2026-03-30T10:06:38+00:00,398.0,CRUISE,0.65,12.05,4013.6,173.1,703.63,41.12,111.69,22.64,0.2142,14.02
2026-03-30T10:06:39+00:00,399.0,CRUISE,0.65,11.93,3998.0,172.96,702.32,41.44,111.76,22.37,0.2037,13.98
2026-03-30T10:06:40+00:00,400.0,CRUISE,0.65,11.98,3998.1,173.01,703.2,41.45,111.88,22.43,0.2171,13.99
2026-03-30T10:06:41+00:00,401.0,CRUISE,0.65,12.02,4007.6,172.77,704.63,41.05,111.69,22.67,0.2182,14.01
2026-03-30T10:06:42+00:00,402.0,CRUISE,0.65,12.08,4013.6,172.36,704.95,41.39,111.65,22.69,0.2064,13.94
2026-03-30T10:06:43+00:00,403.0,CRUISE,0.65,11.96,3995.1,171.85,707.46,41.34,111.4,22.3,0.2036,13.97
2026-03-30T10:06:44+00:00,404.0,CRUISE,0.65,12.05,3994.5,171.18,708.31,41.16,111.33,22.32,0.2214,14.01
2026-03-30T10:06:45+00:00,405.0,CRUISE,0.65,11.97,4007.6,171.09,706.84,41.4,111.41,22.54,0.2284,13.98
2026-03-30T10:06:46+00:00,406.0,CRUISE,0.65,11.99,4007.5,170.51,705.78,41.3,111.3,22.78,0.1994,14.03
2026-03-30T10:06:47+00:00,407.0,CRUISE,0.65,12.08,4005.0,170.13,705.99,40.98,111.22,22.22,0.2051,13.94
2026-03-30T10:06:48+00:00,408.0,CRUISE,0.65,11.8,4000.3,170.0,704.46,41.53,111.01,22.52,0.2123,13.93
2026-03-30T10:06:49+00:00,409.0,CRUISE,0.65,11.87,3996.6,169.51,705.8,41.39,110.87,22.25,0.2137,14.01
2026-03-30T10:06:50+00:00,410.0,CRUISE,0.65,11.85,4000.1,169.71,705.78,41.26,111.1,22.38,0.2018,14.01
2026-03-30T10:06:51+00:00,411.0,CRUISE,0.65,11.77,3997.6,170.04,705.62,41.09,111.07,22.41,0.2305,13.98
2026-03-30T10:06:52+00:00,412.0,CRUISE,0.65,11.93,3998.0,169.86,706.07,41.38,110.88,22.4,0.213,13.99
2026-03-30T10:06:53+00:00,413.0,CRUISE,0.65,12.07,3999.1,169.73,707.69,41.12,110.8,22.39,0.2144,14.0
2026-03-30T10:06:54+00:00,414.0,CRUISE,0.65,11.97,3993.7,169.99,706.94,40.71,110.52,22.44,0.2288,13.96
2026-03-30T10:06:55+00:00,415.0,CRUISE,0.65,12.02,4000.5,169.75,706.09,40.69,110.34,22.4,0.2027,13.96
2026-03-30T10:06:56+00:00,416.0,CRUISE,0.65,12.11,4023.1,169.48,707.5,41.21,110.52,22.4,0.2082,13.99
2026-03-30T10:06:57+00:00,417.0,CRUISE,0.65,12.13,3997.2,170.02,707.82,41.33,110.47,22.58,0.1929,14.01
2026-03-30T10:06:58+00:00,418.0,CRUISE,0.65,11.99,4000.7,170.41,706.47,41.1,110.73,22.59,0.206,13.95
2026-03-30T10:06:59+00:00,419.0,CRUISE,0.65,12.14,3993.8,170.68,705.92,41.35,110.69,22.57,0.1899,13.98
2026-03-30T10:07:00+00:00,420.0,CRUISE,0.65,12.01,4001.0,171.08,705.73,41.34,110.65,22.25,0.2171,13.98
2026-03-30T10:07:01+00:00,421.0,CRUISE,0.65,11.92,4000.4,170.29,705.76,41.07,110.72,22.52,0.2131,14.0
2026-03-30T10:07:02+00:00,422.0,CRUISE,0.65,11.94,4005.9,170.87,703.74,40.96,110.3,22.61,0.205,13.98
2026-03-30T10:07:03+00:00,423.0,CRUISE,0.65,11.85,4011.9,171.04,702.04,41.02,110.31,22.39,0.2074,13.97
2026-03-30T10:07:04+00:00,424.0,CRUISE,0.65,11.91,4007.2,171.45,701.63,40.74,110.28,22.52,0.2175,14.02
2026-03-30T10:07:05+00:00,425.0,CRUISE,0.65,11.96,4012.3,171.61,701.27,40.77,110.49,22.53,0.195,13.97
2026-03-30T10:07:06+00:00,426.0,CRUISE,0.65,12.08,3987.1,171.62,701.39,40.77,110.61,22.67,0.2098,13.97
2026-03-30T10:07:07+00:00,427.0,CRUISE,0.65,12.17,4005.6,171.51,703.07,40.32,110.42,22.8,0.2167,13.93
2026-03-30T10:07:08+00:00,428.0,CRUISE,0.65,11.86,4005.4,171.66,703.21,40.39,110.59,22.26,0.1869,13.96
2026-03-30T10:07:09+00:00,429.0,CRUISE,0.65,12.04,4011.0,171.53,703.81,40.42,110.53,22.92,0.2168,14.0
2026-03-30T10:07:10+00:00,430.0,CRUISE,0.65,11.9,3995.4,171.88,702.47,40.72,110.38,22.31,0.1877,13.99
2026-03-30T10:07:11+00:00,431.0,CRUISE,0.65,12.05,3990.5,171.23,702.46,40.16,110.39,22.57,0.2061,14.0
2026-03-30T10:07:12+00:00,432.0,CRUISE,0.65,11.99,3995.8,171.02,703.7,40.19,110.35,22.6,0.1939,14.0
2026-03-30T10:07:13+00:00,433.0,CRUISE,0.65,11.82,3997.3,171.85,704.55,40.15,110.56,22.31,0.2251,14.05
2026-03-30T10:07:14+00:00,434.0,CRUISE,0.65,12.09,4000.4,171.6,703.67,40.49,110.6,22.55,0.1942,13.96
2026-03-30T10:07:15+00:00,435.0,CRUISE,0.65,11.94,4008.4,171.5,704.06,40.44,110.61,22.51,0.1887,13.93
2026-03-30T10:07:16+00:00,436.0,CRUISE,0.65,11.95,3989.7,171.15,706.76,40.81,110.73,22.5,0.2091,13.95
2026-03-30T10:07:17+00:00,437.0,CRUISE,0.65,11.89,4002.1,171.29,706.04,40.75,110.87,22.52,0.2032,13.96
2026-03-30T10:07:18+00:00,438.0,CRUISE,0.65,11.93,4000.7,171.01,704.72,40.43,110.97,22.66,0.19,13.95
2026-03-30T10:07:19+00:00,439.0,CRUISE,0.65,12.04,3998.3,170.95,704.43,40.36,111.16,22.48,0.2143,13.99
2026-03-30T10:07:20+00:00,440.0,CRUISE,0.65,11.98,3986.9,171.31,704.51,40.12,111.23,22.37,0.1835,14.02
2026-03-30T10:07:21+00:00,441.0,CRUISE,0.65,12.03,3996.8,171.04,704.3,40.29,111.23,22.62,0.1954,14.03
2026-03-30T10:07:22+00:00,442.0,CRUISE,0.65,12.04,3978.6,171.37,704.27,39.77,111.39,22.43,0.2,14.0
2026-03-30T10:07:23+00:00,443.0,CRUISE,0.65,12.13,3993.7,171.71,702.61,39.61,111.36,22.55,0.2173,14.05
2026-03-30T10:07:24+00:00,444.0,CRUISE,0.65,11.97,3984.4,172.13,701.92,39.8,111.34,22.28,0.2228,13.97
2026-03-30T10:07:25+00:00,445.0,CRUISE,0.65,11.85,3992.0,172.17,702.38,40.09,111.58,22.27,0.2209,13.93
2026-03-30T10:07:26+00:00,446.0,CRUISE,0.65,12.11,3994.5,173.46,702.78,39.39,111.8,22.36,0.2059,14.01
2026-03-30T10:07:27+00:00,447.0,CRUISE,0.65,11.97,4006.1,173.83,702.56,39.88,111.78,22.42,0.1792,13.93
2026-03-30T10:07:28+00:00,448.0,CRUISE,0.65,12.11,4001.2,173.9,702.91,39.78,111.69,22.6,0.2128,13.96
2026-03-30T10:07:29+00:00,449.0,CRUISE,0.65,12.04,3994.6,173.49,703.41,39.23,111.89,22.59,0.2254,14.0
2026-03-30T10:07:30+00:00,450.0,CRUISE,0.65,11.99,3992.7,173.4,704.74,38.59,111.99,22.41,0.2225,13.98
2026-03-30T10:07:31+00:00,451.0,CRUISE,0.65,12.03,4006.0,173.92,704.55,38.6,112.01,22.73,0.2139,13.98
2026-03-30T10:07:32+00:00,452.0,CRUISE,0.65,12.2,4006.9,174.55,705.06,38.97,111.95,22.72,0.1941,13.95
2026-03-30T10:07:33+00:00,453.0,CRUISE,0.65,12.21,4000.0,175.07,704.3,39.15,111.98,22.51,0.2017,13.98
2026-03-30T10:07:34+00:00,454.0,CRUISE,0.65,12.01,3997.7,175.29,705.01,39.41,111.96,22.34,0.2311,14.01
2026-03-30T10:07:35+00:00,455.0,CRUISE,0.65,12.02,3985.8,174.69,705.27,39.24,111.85,22.63,0.1903,13.98
2026-03-30T10:07:36+00:00,456.0,CRUISE,0.65,12.11,3995.4,174.8,706.09,39.01,111.85,22.44,0.194,13.96
2026-03-30T10:07:37+00:00,457.0,CRUISE,0.65,11.92,3983.1,174.22,706.41,38.99,111.88,22.39,0.2185,13.95
2026-03-30T10:07:38+00:00,458.0,CRUISE,0.65,12.03,3996.9,173.56,706.55,39.12,111.8,22.41,0.2027,13.96
2026-03-30T10:07:39+00:00,459.0,CRUISE,0.65,12.0,3999.0,173.6,705.82,39.23,111.92,22.34,0.1938,13.99
2026-03-30T10:07:40+00:00,460.0,CRUISE,0.65,12.03,4018.1,173.76,705.75,39.07,112.1,22.37,0.2273,13.99
2026-03-30T10:07:41+00:00,461.0,CRUISE,0.65,11.92,4000.0,174.07,706.62,39.32,112.22,22.57,0.2136,13.96
2026-03-30T10:07:42+00:00,462.0,CRUISE,0.65,11.84,3998.7,174.2,705.15,39.08,112.16,22.35,0.2034,13.92
2026-03-30T10:07:43+00:00,463.0,CRUISE,0.65,11.79,4013.3,174.34,704.14,38.89,112.26,23.02,0.195,14.0
2026-03-30T10:07:44+00:00,464.0,CRUISE,0.65,11.89,4015.9,173.87,704.42,38.85,112.25,22.41,0.2334,13.96
2026-03-30T10:07:45+00:00,465.0,CRUISE,0.65,11.95,4002.1,173.77,704.9,39.19,112.04,22.3,0.2079,14.0
2026-03-30T10:07:46+00:00,466.0,CRUISE,0.65,11.97,4002.4,173.12,703.76,39.08,112.13,22.57,0.2249,13.96
2026-03-30T10:07:47+00:00,467.0,CRUISE,0.65,12.19,4000.8,172.29,703.92,38.85,112.13,22.71,0.2188,13.95
2026-03-30T10:07:48+00:00,468.0,CRUISE,0.65,12.11,4002.2,172.57,703.99,39.08,112.5,22.5,0.2019,13.99
2026-03-30T10:07:49+00:00,469.0,CRUISE,0.65,11.9,3995.1,172.25,701.4,39.48,112.69,22.53,0.2016,14.05
2026-03-30T10:07:50+00:00,470.0,CRUISE,0.65,12.03,3996.3,172.59,701.99,39.22,112.77,22.18,0.2252,14.0
2026-03-30T10:07:51+00:00,471.0,CRUISE,0.65,11.96,3984.9,173.02,702.45,39.27,112.78,22.28,0.2248,13.99
2026-03-30T10:07:52+00:00,472.0,CRUISE,0.65,11.97,3992.8,172.74,702.79,39.26,112.78,22.27,0.1852,13.99
2026-03-30T10:07:53+00:00,473.0,CRUISE,0.65,12.02,3999.5,172.95,704.95,38.86,112.61,22.19,0.2146,13.93
2026-03-30T10:07:54+00:00,474.0,CRUISE,0.65,12.06,3997.4,172.66,703.35,38.78,112.32,22.48,0.2065,13.95
2026-03-30T10:07:55+00:00,475.0,CRUISE,0.65,11.97,3985.3,171.9,702.62,38.36,112.17,22.05,0.1949,13.91
2026-03-30T10:07:56+00:00,476.0,CRUISE,0.65,12.11,3999.9,171.96,700.03,38.41,112.14,22.28,0.2112,14.03
2026-03-30T10:07:57+00:00,477.0,CRUISE,0.65,11.89,4002.4,171.76,700.66,38.34,111.81,22.41,0.192,14.03
2026-03-30T10:07:58+00:00,478.0,CRUISE,0.65,12.0,3995.0,171.6,701.23,38.33,111.71,22.32,0.2022,13.99
2026-03-30T10:07:59+00:00,479.0,CRUISE,0.65,12.26,3994.7,172.4,701.6,38.23,111.67,22.5,0.1982,13.99
2026-03-30T10:08:00+00:00,480.0,CRUISE,0.65,12.02,3984.8,171.78,703.7,38.24,111.63,22.43,0.2013,13.94
2026-03-30T10:08:01+00:00,481.0,CRUISE,0.65,12.14,3983.5,171.95,704.95,38.45,111.52,22.51,0.2063,13.98
2026-03-30T10:08:02+00:00,482.0,CRUISE,0.65,12.01,3986.8,171.55,704.87,38.41,111.46,22.51,0.1952,14.04
2026-03-30T10:08:03+00:00,483.0,CRUISE,0.65,12.06,4002.6,171.93,704.32,37.95,111.72,22.66,0.2271,13.99
2026-03-30T10:08:04+00:00,484.0,CRUISE,0.65,11.99,3995.8,172.05,705.56,37.92,111.81,22.45,0.2137,13.97
2026-03-30T10:08:05+00:00,485.0,CRUISE,0.65,11.98,4002.5,172.2,705.21,37.72,111.72,22.54,0.2297,13.93
2026-03-30T10:08:06+00:00,486.0,CRUISE,0.65,11.92,3996.5,171.82,703.96,38.01,111.7,22.53,0.2059,14.02
2026-03-30T10:08:07+00:00,487.0,CRUISE,0.65,12.04,3999.7,171.52,702.04,38.24,111.69,22.5,0.2014,13.98
2026-03-30T10:08:08+00:00,488.0,CRUISE,0.65,11.91,3998.3,171.91,702.15,38.31,111.57,22.41,0.2291,13.93
2026-03-30T10:08:09+00:00,489.0,CRUISE,0.65,12.07,4005.6,172.62,703.73,38.11,111.45,22.46,0.2014,13.95
2026-03-30T10:08:10+00:00,490.0,CRUISE,0.65,12.11,3998.2,172.8,706.68,38.2,111.6,22.34,0.2058,13.94
2026-03-30T10:08:11+00:00,491.0,CRUISE,0.65,12.04,3986.0,172.43,706.1,38.03,111.54,22.46,0.216,13.98
2026-03-30T10:08:12+00:00,492.0,CRUISE,0.65,11.97,3981.3,172.56,704.66,37.74,111.37,22.35,0.1922,13.99
2026-03-30T10:08:13+00:00,493.0,CRUISE,0.65,12.05,3985.7,173.52,703.15,38.04,111.37,22.29,0.2158,13.97
2026-03-30T10:08:14+00:00,494.0,CRUISE,0.65,11.97,3982.2,173.52,704.13,38.21,111.4,22.27,0.2141,14.01
2026-03-30T10:08:15+00:00,495.0,CRUISE,0.65,12.09,3993.7,174.07,702.11,38.38,111.11,22.26,0.223,13.98
2026-03-30T10:08:16+00:00,496.0,CRUISE,0.65,11.82,3992.6,173.72,703.34,38.08,111.12,22.58,0.2183,14.01
2026-03-30T10:08:17+00:00,497.0,CRUISE,0.65,11.97,4014.7,173.65,704.64,38.38,111.26,22.58,0.2244,13.97
2026-03-30T10:08:18+00:00,498.0,CRUISE,0.65,11.8,3993.2,173.86,705.01,38.07,111.34,22.31,0.2064,14.07
2026-03-30T10:08:19+00:00,499.0,CRUISE,0.65,11.85,3997.7,173.97,704.52,38.13,111.68,22.58,0.1976,13.97
2026-03-30T10:08:20+00:00,500.0,CRUISE,0.65,12.14,3989.3,173.61,705.19,37.83,111.88,22.33,0.2328,13.96
2026-03-30T10:08:21+00:00,501.0,CRUISE,0.65,12.09,3990.1,173.25,705.19,37.7,112.1,22.21,0.1892,13.95
2026-03-30T10:08:22+00:00,502.0,CRUISE,0.65,11.93,3995.6,173.62,704.0,37.03,112.52,22.6,0.1907,13.98
2026-03-30T10:08:23+00:00,503.0,CRUISE,0.65,11.85,3978.7,174.06,706.25,37.09,112.63,22.27,0.2137,13.93
2026-03-30T10:08:24+00:00,504.0,CRUISE,0.65,11.7,3990.5,174.6,705.18,37.24,112.65,22.36,0.2271,13.99
2026-03-30T10:08:25+00:00,505.0,CRUISE,0.65,11.95,4009.9,175.26,705.89,37.23,112.79,22.54,0.2108,13.93
2026-03-30T10:08:26+00:00,506.0,CRUISE,0.65,12.24,4001.0,175.23,702.65,37.74,112.71,22.65,0.2201,13.99
2026-03-30T10:08:27+00:00,507.0,CRUISE,0.65,12.04,4002.1,175.03,704.7,37.3,112.72,22.49,0.1842,13.94
2026-03-30T10:08:28+00:00,508.0,CRUISE,0.65,11.94,4008.8,175.49,706.37,37.2,112.63,22.35,0.2025,13.97
2026-03-30T10:08:29+00:00,509.0,CRUISE,0.65,12.05,4002.8,175.69,705.87,37.01,112.69,22.57,0.1857,14.0
2026-03-30T10:08:30+00:00,510.0,CRUISE,0.65,11.84,3996.3,175.2,706.06,36.96,112.59,22.38,0.2172,14.05
2026-03-30T10:08:31+00:00,511.0,CRUISE,0.65,11.97,3979.4,174.7,706.22,37.28,112.49,22.64,0.1884,13.95
2026-03-30T10:08:32+00:00,512.0,CRUISE,0.65,12.01,3994.1,174.83,704.92,37.6,112.56,22.44,0.1924,13.98
2026-03-30T10:08:33+00:00,513.0,CRUISE,0.65,11.99,3995.6,174.69,705.42,37.24,112.54,22.11,0.214,13.96
2026-03-30T10:08:34+00:00,514.0,CRUISE,0.65,12.08,3989.2,174.62,704.17,37.01,112.26,22.46,0.2202,13.96
2026-03-30T10:08:35+00:00,515.0,CRUISE,0.65,12.03,3995.0,174.99,703.51,36.77,112.05,22.74,0.2059,13.96
2026-03-30T10:08:36+00:00,516.0,CRUISE,0.65,12.07,3992.3,175.22,705.12,37.23,111.89,22.67,0.2145,14.01
2026-03-30T10:08:37+00:00,517.0,CRUISE,0.65,11.93,3991.4,175.67,706.05,37.46,111.78,22.7,0.2141,13.97
2026-03-30T10:08:38+00:00,518.0,CRUISE,0.65,12.09,4000.0,174.81,704.76,37.29,111.86,22.32,0.2055,14.05
2026-03-30T10:08:39+00:00,519.0,CRUISE,0.65,12.16,3988.8,174.85,703.82,36.82,111.91,22.55,0.1943,13.99
2026-03-30T10:08:40+00:00,520.0,CRUISE,0.65,11.9,4002.2,175.06,703.18,36.56,112.08,22.38,0.2149,13.95
2026-03-30T10:08:41+00:00,521.0,CRUISE,0.65,11.91,3989.5,174.37,704.36,36.72,112.21,22.45,0.2149,13.97
2026-03-30T10:08:42+00:00,522.0,CRUISE,0.65,12.13,3988.8,174.06,703.19,36.88,112.38,22.22,0.2182,13.96
2026-03-30T10:08:43+00:00,523.0,CRUISE,0.65,11.98,4009.2,173.68,703.97,36.35,112.48,22.43,0.2123,14.01
2026-03-30T10:08:44+00:00,524.0,CRUISE,0.65,12.14,4013.3,173.65,705.06,36.47,112.52,22.45,0.1947,13.93
2026-03-30T10:08:45+00:00,525.0,CRUISE,0.65,11.96,4007.1,174.27,704.76,36.97,112.69,22.65,0.2167,13.94
2026-03-30T10:08:46+00:00,526.0,CRUISE,0.65,12.15,3995.7,175.04,705.92,36.77,112.84,22.57,0.2078,13.96
2026-03-30T10:08:47+00:00,527.0,CRUISE,0.65,12.01,3993.1,174.64,705.11,37.04,112.9,22.48,0.2019,14.0
2026-03-30T10:08:48+00:00,528.0,CRUISE,0.65,12.03,3996.6,174.79,704.66,36.98,113.1,22.25,0.2043,14.02
2026-03-30T10:08:49+00:00,529.0,CRUISE,0.65,12.16,3998.1,174.96,703.46,36.52,112.76,22.42,0.1997,14.02
2026-03-30T10:08:50+00:00,530.0,CRUISE,0.65,11.96,3997.8,175.04,704.93,36.43,112.72,22.35,0.2186,14.0
2026-03-30T10:08:51+00:00,531.0,CRUISE,0.65,11.91,3998.2,175.13,703.83,36.4,112.69,22.6,0.1909,13.98
2026-03-30T10:08:52+00:00,532.0,CRUISE,0.65,11.96,3996.9,175.18,704.39,36.15,112.87,22.63,0.196,14.01
2026-03-30T10:08:53+00:00,533.0,CRUISE,0.65,12.05,3986.4,175.78,704.3,35.93,113.12,22.55,0.2034,13.95
2026-03-30T10:08:54+00:00,534.0,CRUISE,0.65,11.84,3988.4,176.13,702.99,36.42,112.91,22.29,0.2268,13.93
2026-03-30T10:08:55+00:00,535.0,CRUISE,0.65,12.06,4000.9,175.61,702.68,36.1,113.14,22.07,0.2207,14.0
2026-03-30T10:08:56+00:00,536.0,CRUISE,0.65,11.95,3989.1,175.84,704.79,36.39,112.97,22.15,0.1878,13.95
2026-03-30T10:08:57+00:00,537.0,CRUISE,0.65,12.11,3992.4,176.11,704.95,36.19,112.82,22.64,0.2239,13.98
2026-03-30T10:08:58+00:00,538.0,CRUISE,0.65,11.76,3989.1,176.14,703.48,36.14,112.8,22.35,0.2237,13.99
2026-03-30T10:08:59+00:00,539.0,CRUISE,0.65,11.92,3994.8,176.49,704.07,36.27,112.77,22.33,0.1937,13.99
2026-03-30T10:09:00+00:00,540.0,CRUISE,0.65,11.83,3993.8,176.45,703.92,36.05,112.56,22.69,0.1775,14.01
2026-03-30T10:09:01+00:00,541.0,CRUISE,0.65,11.92,4008.2,176.43,708.19,36.22,112.68,22.72,0.2076,14.01
2026-03-30T10:09:02+00:00,542.0,CRUISE,0.65,12.02,4007.8,176.37,707.48,35.65,112.8,22.53,0.2219,13.99
2026-03-30T10:09:03+00:00,543.0,CRUISE,0.65,11.98,3993.0,175.46,706.13,35.86,112.98,22.39,0.2268,13.97
2026-03-30T10:09:04+00:00,544.0,CRUISE,0.65,11.97,4001.3,175.35,707.34,35.27,112.93,22.46,0.1977,13.99
2026-03-30T10:09:05+00:00,545.0,CRUISE,0.65,11.98,3994.0,175.01,704.28,35.44,112.94,22.47,0.2288,13.96
2026-03-30T10:09:06+00:00,546.0,CRUISE,0.65,12.02,3991.9,174.47,704.42,35.79,112.95,22.67,0.1809,13.98
2026-03-30T10:09:07+00:00,547.0,CRUISE,0.65,11.9,3997.9,174.99,706.77,35.92,113.22,22.53,0.2035,14.06
2026-03-30T10:09:08+00:00,548.0,CRUISE,0.65,12.07,3994.5,175.14,705.97,35.53,112.81,22.55,0.2028,13.99
2026-03-30T10:09:09+00:00,549.0,CRUISE,0.65,12.07,4003.9,175.06,703.48,35.34,112.68,22.67,0.2221,14.0
2026-03-30T10:09:10+00:00,550.0,CRUISE,0.65,12.04,3995.3,174.77,703.27,35.31,112.71,22.27,0.2234,13.96
2026-03-30T10:09:11+00:00,551.0,CRUISE,0.65,12.06,3992.2,174.83,705.34,35.49,112.57,22.54,0.2191,14.01
2026-03-30T10:09:12+00:00,552.0,CRUISE,0.65,12.03,3990.3,175.18,705.52,35.03,112.55,22.37,0.1913,14.01
2026-03-30T10:09:13+00:00,553.0,CRUISE,0.65,12.2,3990.0,174.78,704.25,35.24,112.56,22.04,0.2179,14.01
2026-03-30T10:09:14+00:00,554.0,CRUISE,0.65,11.99,4003.2,174.73,703.47,35.47,112.49,22.18,0.2143,13.99
2026-03-30T10:09:15+00:00,555.0,CRUISE,0.65,11.97,4006.2,175.02,703.06,35.46,112.52,22.36,0.1883,14.01
2026-03-30T10:09:16+00:00,556.0,CRUISE,0.65,11.92,4016.4,174.18,703.88,35.65,112.64,22.65,0.1841,14.02
2026-03-30T10:09:17+00:00,557.0,CRUISE,0.65,11.9,4026.1,174.12,705.64,35.71,112.63,22.65,0.2218,13.99
2026-03-30T10:09:18+00:00,558.0,CRUISE,0.65,11.88,4004.7,173.91,706.52,35.48,112.59,22.53,0.2061,13.98
2026-03-30T10:09:19+00:00,559.0,CRUISE,0.65,11.91,4002.5,173.83,706.44,34.97,112.59,22.78,0.1927,14.01
2026-03-30T10:09:20+00:00,560.0,CRUISE,0.65,11.99,3991.4,173.6,704.25,35.14,112.61,22.23,0.2051,13.96
2026-03-30T10:09:21+00:00,561.0,CRUISE,0.65,12.03,3988.9,173.64,702.69,34.96,112.37,22.41,0.2118,13.96
2026-03-30T10:09:22+00:00,562.0,CRUISE,0.65,12.01,3988.8,174.39,703.8,34.92,112.47,22.45,0.2065,13.98
2026-03-30T10:09:23+00:00,563.0,CRUISE,0.65,11.92,3985.3,174.22,702.3,35.14,112.44,22.28,0.1887,13.93
2026-03-30T10:09:24+00:00,564.0,CRUISE,0.65,12.09,3983.6,174.3,702.63,35.47,112.66,22.38,0.2298,14.01
2026-03-30T10:09:25+00:00,565.0,CRUISE,0.65,12.07,3990.0,175.06,703.5,35.3,112.78,22.18,0.2196,13.95
2026-03-30T10:09:26+00:00,566.0,CRUISE,0.65,11.98,3984.7,174.78,702.36,35.31,112.98,22.6,0.2032,13.97
2026-03-30T10:09:27+00:00,567.0,CRUISE,0.65,11.93,3998.4,175.46,701.69,34.84,112.86,22.36,0.2044,13.98
2026-03-30T10:09:28+00:00,568.0,CRUISE,0.65,12.05,3991.4,175.39,702.35,34.94,112.83,22.73,0.2119,13.98
2026-03-30T10:09:29+00:00,569.0,CRUISE,0.65,12.02,4017.6,176.04,703.57,35.0,112.68,22.58,0.1954,13.97
2026-03-30T10:09:30+00:00,570.0,CRUISE,0.65,11.86,4005.0,176.25,705.04,35.31,112.61,22.66,0.2122,13.98
2026-03-30T10:09:31+00:00,571.0,CRUISE,0.65,11.99,4002.7,176.28,705.59,35.02,112.84,22.48,0.1922,13.98
2026-03-30T10:09:32+00:00,572.0,CRUISE,0.65,12.03,3990.5,176.17,705.33,34.85,113.1,22.41,0.2067,13.97
2026-03-30T10:09:33+00:00,573.0,CRUISE,0.65,11.91,4008.3,175.83,704.16,35.12,112.95,22.44,0.1944,13.96
2026-03-30T10:09:34+00:00,574.0,CRUISE,0.65,12.02,4012.8,175.78,702.97,34.99,112.92,22.57,0.1953,14.01
2026-03-30T10:09:35+00:00,575.0,CRUISE,0.65,11.85,4008.5,176.06,702.73,34.63,112.94,22.57,0.2282,13.92
2026-03-30T10:09:36+00:00,576.0,CRUISE,0.65,12.13,3993.1,175.98,703.73,35.26,113.07,22.32,0.2084,13.98
2026-03-30T10:09:37+00:00,577.0,CRUISE,0.65,12.12,3997.7,175.77,704.36,34.75,112.84,22.44,0.2104,13.97
2026-03-30T10:09:38+00:00,578.0,CRUISE,0.65,11.97,3989.4,175.6,701.82,34.67,112.64,22.32,0.1834,14.0
2026-03-30T10:09:39+00:00,579.0,CRUISE,0.65,12.04,4005.8,175.93,701.63,34.74,112.75,22.86,0.2012,13.94
2026-03-30T10:09:40+00:00,580.0,CRUISE,0.65,11.76,4009.0,176.33,703.8,34.78,112.5,22.52,0.214,13.97
2026-03-30T10:09:41+00:00,581.0,CRUISE,0.65,11.88,4004.9,175.97,704.03,34.66,112.48,22.74,0.2106,13.98
2026-03-30T10:09:42+00:00,582.0,CRUISE,0.65,11.97,3982.6,175.63,702.4,34.51,112.55,22.34,0.1813,14.01
2026-03-30T10:09:43+00:00,583.0,CRUISE,0.65,11.89,3982.7,175.71,705.73,34.39,112.65,22.41,0.2096,13.99
2026-03-30T10:09:44+00:00,584.0,CRUISE,0.65,12.07,3996.2,176.25,705.33,34.11,112.68,22.25,0.2122,13.95
2026-03-30T10:09:45+00:00,585.0,CRUISE,0.65,12.2,4007.3,176.63,705.61,34.77,112.67,22.45,0.2238,13.97
2026-03-30T10:09:46+00:00,586.0,CRUISE,0.65,11.88,4012.2,176.03,705.73,34.57,112.84,22.58,0.2008,14.01
2026-03-30T10:09:47+00:00,587.0,CRUISE,0.65,11.92,3993.0,175.84,704.87,34.58,112.93,22.67,0.1808,13.95
2026-03-30T10:09:48+00:00,588.0,CRUISE,0.65,12.02,3998.4,175.4,703.87,34.35,112.87,22.5,0.196,13.98
2026-03-30T10:09:49+00:00,589.0,CRUISE,0.65,12.16,4006.8,175.24,706.63,34.21,112.92,22.72,0.1952,13.98
2026-03-30T10:09:50+00:00,590.0,CRUISE,0.65,11.88,3989.8,175.82,707.14,34.04,113.02,22.51,0.2164,13.97
2026-03-30T10:09:51+00:00,591.0,CRUISE,0.65,12.02,3994.2,175.18,707.35,33.63,113.32,22.69,0.1751,14.06
2026-03-30T10:09:52+00:00,592.0,CRUISE,0.65,12.18,3998.8,174.48,707.27,33.72,113.47,22.46,0.2026,13.97
2026-03-30T10:09:53+00:00,593.0,CRUISE,0.65,11.83,3996.5,174.12,705.19,33.67,113.68,22.81,0.225,14.0
2026-03-30T10:09:54+00:00,594.0,CRUISE,0.65,11.87,3982.9,174.21,706.42,33.99,113.62,22.3,0.2073,13.96
2026-03-30T10:09:55+00:00,595.0,CRUISE,0.65,11.96,3988.2,174.43,704.8,33.6,113.58,22.29,0.2182,14.0
2026-03-30T10:09:56+00:00,596.0,CRUISE,0.65,11.95,3990.8,174.58,705.0,33.5,113.57,22.24,0.1879,14.01
2026-03-30T10:09:57+00:00,597.0,CRUISE,0.65,12.08,3993.7,175.01,702.88,33.36,113.59,22.79,0.1885,13.96
2026-03-30T10:09:58+00:00,598.0,CRUISE,0.65,12.02,3991.8,174.26,700.85,33.84,113.47,22.55,0.2249,13.98
2026-03-30T10:09:59+00:00,599.0,CRUISE,0.65,11.82,3991.8,174.71,702.17,33.52,113.7,22.38,0.2088,13.96
2026-03-30T10:10:00+00:00,600.0,CRUISE,0.65,12.05,3995.0,174.55,701.84,33.67,113.86,22.63,0.209,13.95
2026-03-30T10:10:01+00:00,601.0,CRUISE,0.65,11.94,4000.5,174.81,700.16,33.86,113.85,22.58,0.1946,14.01
2026-03-30T10:10:02+00:00,602.0,CRUISE,0.65,12.13,3997.4,174.25,702.05,33.67,113.98,22.76,0.2091,13.97
2026-03-30T10:10:03+00:00,603.0,CRUISE,0.65,11.94,3994.9,174.22,705.23,33.22,114.04,22.21,0.194,13.91
2026-03-30T10:10:04+00:00,604.0,CRUISE,0.65,11.94,3997.7,174.3,706.64,32.93,114.18,22.42,0.2222,14.04
2026-03-30T10:10:05+00:00,605.0,CRUISE,0.65,12.05,3983.0,174.74,705.68,33.26,114.01,22.3,0.2399,13.96
2026-03-30T10:10:06+00:00,606.0,CRUISE,0.65,12.08,3994.6,174.07,705.35,32.95,114.02,22.15,0.2136,13.98
2026-03-30T10:10:07+00:00,607.0,CRUISE,0.65,12.04,3996.8,174.07,706.15,33.17,114.05,22.62,0.2003,14.03
2026-03-30T10:10:08+00:00,608.0,CRUISE,0.65,11.83,3998.2,173.61,706.94,33.21,114.17,22.42,0.1775,13.98
2026-03-30T10:10:09+00:00,609.0,CRUISE,0.65,12.05,4006.3,173.81,705.84,33.31,114.11,22.63,0.1881,13.98
2026-03-30T10:10:10+00:00,610.0,CRUISE,0.65,11.9,3987.2,174.12,705.41,33.35,113.76,22.75,0.226,13.95
2026-03-30T10:10:11+00:00,611.0,CRUISE,0.65,12.02,3977.2,174.62,705.46,32.99,113.64,22.29,0.1945,13.93
2026-03-30T10:10:12+00:00,612.0,CRUISE,0.65,11.86,3990.0,174.37,705.76,32.78,113.67,22.35,0.2031,13.98
2026-03-30T10:10:13+00:00,613.0,CRUISE,0.65,12.04,3994.4,174.72,705.22,33.06,113.72,22.46,0.2156,13.99
2026-03-30T10:10:14+00:00,614.0,CRUISE,0.65,11.92,3998.0,175.23,704.81,32.88,114.02,22.61,0.2257,13.99
2026-03-30T10:10:15+00:00,615.0,CRUISE,0.65,11.87,3994.8,174.52,706.3,32.2,114.14,22.36,0.2054,13.97
2026-03-30T10:10:16+00:00,616.0,CRUISE,0.65,12.07,4002.2,174.75,707.24,32.64,114.19,22.39,0.2033,13.98
2026-03-30T10:10:17+00:00,617.0,CRUISE,0.65,12.02,4008.1,175.1,707.03,32.48,114.23,22.68,0.2093,13.93
2026-03-30T10:10:18+00:00,618.0,CRUISE,0.65,11.94,4007.6,174.95,708.34,32.73,114.43,22.58,0.2009,14.0
2026-03-30T10:10:19+00:00,619.0,CRUISE,0.65,12.15,4001.3,174.43,706.81,33.08,114.38,22.18,0.2012,13.99
2026-03-30T10:10:20+00:00,620.0,CRUISE,0.65,11.96,3983.4,174.79,708.03,32.89,114.39,22.19,0.2121,14.04
2026-03-30T10:10:21+00:00,621.0,CRUISE,0.65,12.0,3997.2,174.28,707.65,33.05,114.27,22.68,0.2101,13.98
2026-03-30T10:10:22+00:00,622.0,CRUISE,0.65,12.03,4007.9,174.19,710.68,32.93,114.52,22.58,0.234,13.95
2026-03-30T10:10:23+00:00,623.0,CRUISE,0.65,11.94,4008.7,174.16,707.46,33.19,114.61,22.41,0.2138,13.98
2026-03-30T10:10:24+00:00,624.0,CRUISE,0.65,12.05,3997.0,174.43,705.78,32.65,114.54,22.43,0.2217,13.97
2026-03-30T10:10:25+00:00,625.0,CRUISE,0.65,11.95,4003.4,174.16,705.88,32.58,114.56,22.5,0.1954,14.0
2026-03-30T10:10:26+00:00,626.0,CRUISE,0.65,11.96,4008.2,173.88,705.93,32.7,114.67,22.64,0.2148,13.98
2026-03-30T10:10:27+00:00,627.0,CRUISE,0.65,12.14,4016.2,173.91,707.91,32.57,114.66,22.37,0.2002,13.94
2026-03-30T10:10:28+00:00,628.0,CRUISE,0.65,11.9,4000.9,174.31,706.08,32.77,114.62,22.36,0.2128,13.93
2026-03-30T10:10:29+00:00,629.0,CRUISE,0.65,11.76,3998.2,175.21,706.61,32.47,114.56,22.51,0.2162,13.99
2026-03-30T10:10:30+00:00,630.0,CRUISE,0.65,12.16,4004.6,174.57,707.44,32.91,114.65,22.49,0.2089,14.02
2026-03-30T10:10:31+00:00,631.0,CRUISE,0.65,12.25,4002.4,174.68,707.51,33.17,114.64,22.58,0.237,13.98
2026-03-30T10:10:32+00:00,632.0,CRUISE,0.65,11.96,3991.8,174.22,705.45,32.83,114.61,22.24,0.2248,14.01
2026-03-30T10:10:33+00:00,633.0,CRUISE,0.65,11.81,3998.7,174.61,706.77,32.7,114.45,22.52,0.2221,14.01
2026-03-30T10:10:34+00:00,634.0,CRUISE,0.65,11.97,4003.5,174.21,707.57,32.78,114.5,22.66,0.2174,13.99
2026-03-30T10:10:35+00:00,635.0,CRUISE,0.65,11.97,4002.0,173.93,707.39,32.21,114.51,22.56,0.2293,13.96
2026-03-30T10:10:36+00:00,636.0,CRUISE,0.65,11.98,4002.3,173.7,706.78,31.82,114.51,22.51,0.1909,13.99
2026-03-30T10:10:37+00:00,637.0,CRUISE,0.65,11.89,3998.7,173.67,706.34,32.2,114.58,22.45,0.2244,14.02
2026-03-30T10:10:38+00:00,638.0,CRUISE,0.65,12.06,4010.7,173.8,705.73,32.18,114.73,22.42,0.1967,14.0
2026-03-30T10:10:39+00:00,639.0,CRUISE,0.65,12.05,3997.8,174.0,706.14,31.99,114.88,22.45,0.2012,14.0
2026-03-30T10:10:40+00:00,640.0,CRUISE,0.65,11.85,3993.7,174.0,705.62,31.9,115.0,22.63,0.2145,13.97
2026-03-30T10:10:41+00:00,641.0,CRUISE,0.65,12.07,3996.4,173.46,704.27,31.23,115.0,22.44,0.2227,13.98
2026-03-30T10:10:42+00:00,642.0,CRUISE,0.65,12.21,4004.7,173.77,703.13,31.39,114.95,22.37,0.1944,13.98
2026-03-30T10:10:43+00:00,643.0,CRUISE,0.65,12.02,3990.0,173.76,702.58,31.3,114.83,22.34,0.2014,13.98
2026-03-30T10:10:44+00:00,644.0,CRUISE,0.65,11.97,3983.9,174.23,703.32,31.63,114.79,22.41,0.2084,14.02
2026-03-30T10:10:45+00:00,645.0,CRUISE,0.65,11.99,3975.0,173.94,703.55,31.81,114.83,22.27,0.2045,13.91
2026-03-30T10:10:46+00:00,646.0,CRUISE,0.65,12.06,3987.0,173.3,704.05,31.83,114.76,22.47,0.2176,13.98
2026-03-30T10:10:47+00:00,647.0,CRUISE,0.65,11.83,3983.9,173.31,704.66,31.77,114.81,22.46,0.2485,13.98
2026-03-30T10:10:48+00:00,648.0,CRUISE,0.65,12.02,3988.2,173.85,703.82,31.27,114.71,22.54,0.2125,13.94
2026-03-30T10:10:49+00:00,649.0,CRUISE,0.65,11.96,3998.8,173.92,705.73,31.51,114.51,22.68,0.1992,14.0
2026-03-30T10:10:50+00:00,650.0,CRUISE,0.65,12.18,3993.8,173.85,705.08,31.63,114.68,22.59,0.1922,13.96
2026-03-30T10:10:51+00:00,651.0,CRUISE,0.65,11.98,3998.2,173.5,704.36,31.85,114.66,22.33,0.204,13.97
2026-03-30T10:10:52+00:00,652.0,CRUISE,0.65,12.17,3996.2,174.23,705.0,32.19,114.58,22.32,0.1966,14.04
2026-03-30T10:10:53+00:00,653.0,CRUISE,0.6567,11.96,4017.6,173.83,703.47,31.49,114.47,22.68,0.2148,14.01
2026-03-30T10:10:54+00:00,654.0,CRUISE,0.6633,12.19,4041.8,173.58,704.59,31.43,114.59,22.88,0.2161,14.0
2026-03-30T10:10:55+00:00,655.0,CRUISE,0.67,12.23,4059.5,173.88,708.39,31.32,114.86,22.99,0.2063,13.99
2026-03-30T10:10:56+00:00,656.0,CRUISE,0.6767,12.18,4087.5,173.21,708.71,31.54,114.86,23.38,0.2374,13.98
2026-03-30T10:10:57+00:00,657.0,CRUISE,0.6833,12.35,4126.2,173.83,713.32,31.72,114.9,23.73,0.2071,14.04
2026-03-30T10:10:58+00:00,658.0,CRUISE,0.69,12.52,4155.6,174.19,718.03,31.81,115.14,24.0,0.2163,14.01
2026-03-30T10:10:59+00:00,659.0,CRUISE,0.6967,12.43,4171.1,174.67,719.99,32.22,114.94,24.26,0.2265,13.96
2026-03-30T10:11:00+00:00,660.0,MANEUVER,0.7033,12.36,4210.2,175.01,723.05,32.0,115.32,24.85,0.2319,13.94
2026-03-30T10:11:01+00:00,661.0,MANEUVER,0.7184,12.6,4249.6,175.09,728.26,31.94,115.77,25.22,0.2392,14.0
2026-03-30T10:11:02+00:00,662.0,MANEUVER,0.7333,12.58,4322.8,174.85,732.07,32.11,115.46,26.3,0.2336,13.98
2026-03-30T10:11:03+00:00,663.0,MANEUVER,0.7481,12.7,4390.0,175.01,738.4,32.53,115.55,26.67,0.2454,13.94
2026-03-30T10:11:04+00:00,664.0,MANEUVER,0.7625,12.79,4450.7,174.87,743.03,32.72,115.55,27.27,0.2289,14.0
2026-03-30T10:11:05+00:00,665.0,MANEUVER,0.7767,12.7,4512.2,175.35,748.41,33.27,115.63,28.0,0.2519,13.98
2026-03-30T10:11:06+00:00,666.0,MANEUVER,0.7904,12.77,4571.2,175.98,753.72,33.71,115.7,28.7,0.2557,14.01
2026-03-30T10:11:07+00:00,667.0,MANEUVER,0.8035,13.05,4637.9,176.89,760.74,33.97,115.96,29.45,0.2675,14.0
2026-03-30T10:11:08+00:00,668.0,MANEUVER,0.8095,12.95,4676.9,177.35,767.52,34.62,116.09,30.09,0.2319,13.97
2026-03-30T10:11:09+00:00,669.0,MANEUVER,0.8147,12.74,4713.5,178.02,771.42,34.86,116.09,30.02,0.2434,14.01
2026-03-30T10:11:10+00:00,670.0,MANEUVER,0.8193,13.08,4747.5,178.2,773.65,35.35,116.22,30.61,0.2664,13.98
2026-03-30T10:11:11+00:00,671.0,MANEUVER,0.8231,13.03,4762.0,178.31,775.95,35.34,116.45,30.69,0.2257,13.98
2026-03-30T10:11:12+00:00,672.0,MANEUVER,0.8261,12.93,4775.7,178.81,779.74,35.4,116.42,30.59,0.2644,13.98
2026-03-30T10:11:13+00:00,673.0,MANEUVER,0.8283,12.87,4782.9,178.95,784.46,35.32,116.32,31.03,0.2717,14.03
2026-03-30T10:11:14+00:00,674.0,MANEUVER,0.8296,13.08,4790.5,179.35,786.34,35.37,116.78,31.19,0.2526,13.98
2026-03-30T10:11:15+00:00,675.0,MANEUVER,0.83,13.03,4789.3,179.21,786.8,35.57,116.84,30.87,0.2543,14.03
2026-03-30T10:11:16+00:00,676.0,MANEUVER,0.8296,13.24,4808.2,179.16,788.55,35.43,116.97,31.13,0.2477,14.04
2026-03-30T10:11:17+00:00,677.0,MANEUVER,0.8283,13.04,4823.6,179.7,788.4,35.59,117.06,30.95,0.2553,13.97
2026-03-30T10:11:18+00:00,678.0,MANEUVER,0.8261,13.04,4823.6,180.32,787.85,35.33,117.29,30.98,0.2555,13.9
2026-03-30T10:11:19+00:00,679.0,MANEUVER,0.8231,12.98,4792.5,180.17,786.31,35.43,117.7,31.04,0.2512,14.02
2026-03-30T10:11:20+00:00,680.0,MANEUVER,0.8193,13.08,4786.9,180.68,787.6,35.12,117.93,30.69,0.2501,13.98
2026-03-30T10:11:21+00:00,681.0,MANEUVER,0.8147,13.06,4779.5,180.68,783.2,35.25,117.84,30.45,0.255,13.96
2026-03-30T10:11:22+00:00,682.0,MANEUVER,0.8095,13.13,4748.9,180.89,783.37,35.04,117.77,30.33,0.2528,13.97
2026-03-30T10:11:23+00:00,683.0,MANEUVER,0.8035,12.95,4724.5,181.65,781.13,35.2,117.84,29.92,0.277,13.98
2026-03-30T10:11:24+00:00,684.0,MANEUVER,0.797,12.96,4680.6,182.12,778.71,34.48,117.94,29.49,0.2469,14.03
2026-03-30T10:11:25+00:00,685.0,MANEUVER,0.79,12.95,4660.7,182.56,778.58,33.91,117.81,29.39,0.2543,13.99
2026-03-30T10:11:26+00:00,686.0,MANEUVER,0.7825,13.08,4623.2,183.42,774.66,33.64,118.06,28.7,0.2407,14.03
2026-03-30T10:11:27+00:00,687.0,MANEUVER,0.7747,13.15,4596.8,183.19,770.89,33.2,118.02,28.41,0.2387,14.0
2026-03-30T10:11:28+00:00,688.0,MANEUVER,0.7666,12.95,4551.1,182.84,767.69,32.77,118.37,28.1,0.2223,13.98
2026-03-30T10:11:29+00:00,689.0,MANEUVER,0.7584,12.96,4526.2,182.58,764.98,32.9,118.75,27.89,0.2221,13.98
2026-03-30T10:11:30+00:00,690.0,MANEUVER,0.75,13.03,4498.7,182.5,760.95,32.73,118.81,27.59,0.2246,14.0
2026-03-30T10:11:31+00:00,691.0,MANEUVER,0.7416,12.98,4451.6,181.56,755.56,32.36,118.97,26.83,0.2383,14.01
2026-03-30T10:11:32+00:00,692.0,MANEUVER,0.7334,13.1,4406.3,181.5,751.48,32.03,118.87,26.62,0.2461,14.02
2026-03-30T10:11:33+00:00,693.0,MANEUVER,0.7253,12.77,4357.0,181.27,749.93,31.61,119.04,25.89,0.2086,13.98
2026-03-30T10:11:34+00:00,694.0,MANEUVER,0.7175,12.92,4329.5,181.57,746.4,31.83,119.05,25.96,0.2217,13.99
2026-03-30T10:11:35+00:00,695.0,MANEUVER,0.71,12.92,4296.4,181.68,743.34,31.27,118.96,25.17,0.2097,14.0
2026-03-30T10:11:36+00:00,696.0,MANEUVER,0.703,12.77,4256.1,181.38,739.29,30.66,118.98,25.16,0.2205,13.97
2026-03-30T10:11:37+00:00,697.0,MANEUVER,0.6965,12.9,4237.1,181.55,735.12,30.75,118.98,24.63,0.2353,13.95
2026-03-30T10:11:38+00:00,698.0,MANEUVER,0.6905,12.91,4207.0,181.76,734.14,30.45,119.0,24.73,0.2151,13.96
2026-03-30T10:11:39+00:00,699.0,MANEUVER,0.6853,12.98,4174.9,181.35,730.52,30.72,119.21,24.23,0.218,13.98
2026-03-30T10:11:40+00:00,700.0,MANEUVER,0.6807,13.11,4152.6,181.07,727.05,30.17,119.15,23.77,0.2347,14.0
2026-03-30T10:11:41+00:00,701.0,MANEUVER,0.6769,12.98,4145.7,180.08,725.88,30.13,119.46,23.74,0.2222,14.02
2026-03-30T10:11:42+00:00,702.0,MANEUVER,0.6739,12.9,4131.8,179.57,722.44,30.11,119.31,23.79,0.2067,13.94
2026-03-30T10:11:43+00:00,703.0,MANEUVER,0.6717,12.99,4114.1,179.21,719.86,29.62,119.6,23.69,0.2167,13.97
2026-03-30T10:11:44+00:00,704.0,MANEUVER,0.6704,13.1,4108.1,179.19,718.6,29.24,119.49,23.46,0.2045,13.97
2026-03-30T10:11:45+00:00,705.0,MANEUVER,0.67,12.9,4089.8,178.75,717.53,29.32,119.53,23.36,0.2185,14.01
2026-03-30T10:11:46+00:00,706.0,MANEUVER,0.6704,12.91,4090.9,178.5,717.13,29.31,119.5,23.48,0.2197,13.97
2026-03-30T10:11:47+00:00,707.0,MANEUVER,0.6717,13.06,4095.3,177.98,719.26,28.81,119.49,23.43,0.1974,13.97
2026-03-30T10:11:48+00:00,708.0,MANEUVER,0.6739,12.98,4097.4,178.04,718.94,28.55,119.66,23.27,0.2161,13.94
2026-03-30T10:11:49+00:00,709.0,MANEUVER,0.6769,13.06,4112.3,178.21,715.87,28.04,119.93,23.49,0.2135,14.0
2026-03-30T10:11:50+00:00,710.0,MANEUVER,0.6807,13.0,4118.6,178.37,717.38,28.51,120.15,23.75,0.2219,13.98
2026-03-30T10:11:51+00:00,711.0,MANEUVER,0.6853,13.07,4142.2,178.38,718.76,28.62,120.14,24.12,0.2268,13.96
2026-03-30T10:11:52+00:00,712.0,MANEUVER,0.6905,12.9,4166.3,177.78,720.38,28.76,120.21,24.42,0.2241,13.98
2026-03-30T10:11:53+00:00,713.0,MANEUVER,0.6965,13.0,4164.0,177.58,722.56,28.44,120.14,24.38,0.2148,14.02
2026-03-30T10:11:54+00:00,714.0,MANEUVER,0.703,12.98,4210.1,177.49,724.68,28.51,120.05,24.71,0.2324,13.96
2026-03-30T10:11:55+00:00,715.0,MANEUVER,0.71,12.88,4215.3,177.41,727.01,28.72,119.93,24.93,0.2112,13.96
2026-03-30T10:11:56+00:00,716.0,MANEUVER,0.7175,12.84,4254.0,177.55,730.47,28.88,119.93,25.1,0.2083,14.02
2026-03-30T10:11:57+00:00,717.0,MANEUVER,0.7253,13.07,4304.2,178.24,732.7,29.28,120.04,25.64,0.1888,13.99
2026-03-30T10:11:58+00:00,718.0,MANEUVER,0.7334,12.96,4337.2,178.69,734.84,29.73,119.83,25.9,0.2285,14.01
2026-03-30T10:11:59+00:00,719.0,MANEUVER,0.7416,12.9,4363.2,178.42,742.19,30.47,119.91,26.16,0.2212,14.0
2026-03-30T10:12:00+00:00,720.0,MANEUVER,0.75,12.99,4398.1,178.85,744.11,30.41,120.23,26.78,0.2381,13.99
2026-03-30T10:12:01+00:00,721.0,MANEUVER,0.7584,13.11,4451.5,179.27,747.63,30.76,120.49,27.27,0.2131,13.98
2026-03-30T10:12:02+00:00,722.0,MANEUVER,0.7666,12.77,4473.7,179.11,749.2,30.53,120.49,27.65,0.2305,14.01
2026-03-30T10:12:03+00:00,723.0,MANEUVER,0.7747,12.85,4527.4,179.63,753.38,30.31,120.38,28.15,0.2474,14.02
2026-03-30T10:12:04+00:00,724.0,MANEUVER,0.7825,12.91,4562.9,179.76,756.17,30.58,120.56,28.5,0.2317,14.02
2026-03-30T10:12:05+00:00,725.0,MANEUVER,0.79,13.15,4588.6,179.41,759.82,30.5,120.32,28.86,0.2508,13.95
2026-03-30T10:12:06+00:00,726.0,MANEUVER,0.797,13.03,4622.2,179.83,765.11,30.9,120.6,29.15,0.2415,14.03
2026-03-30T10:12:07+00:00,727.0,MANEUVER,0.8035,13.08,4650.5,180.15,769.09,31.01,120.69,29.54,0.2497,13.98
2026-03-30T10:12:08+00:00,728.0,MANEUVER,0.8095,12.89,4693.3,180.3,772.8,30.84,121.08,29.79,0.26,13.97
2026-03-30T10:12:09+00:00,729.0,MANEUVER,0.8147,12.89,4725.9,180.53,773.37,31.75,120.94,30.29,0.2665,13.99
2026-03-30T10:12:10+00:00,730.0,MANEUVER,0.8193,13.04,4733.1,180.49,778.74,31.72,121.2,30.48,0.2568,14.02
2026-03-30T10:12:11+00:00,731.0,MANEUVER,0.8231,13.01,4755.9,181.0,779.45,31.46,121.31,30.52,0.2474,14.01
2026-03-30T10:12:12+00:00,732.0,MANEUVER,0.8261,13.05,4770.5,181.24,783.64,31.95,121.39,30.79,0.2527,13.98
2026-03-30T10:12:13+00:00,733.0,MANEUVER,0.8283,12.98,4800.2,181.55,786.33,31.91,121.31,30.95,0.2677,14.02
2026-03-30T10:12:14+00:00,734.0,MANEUVER,0.8296,13.03,4797.1,181.94,787.9,32.3,121.53,30.97,0.2477,14.0
2026-03-30T10:12:15+00:00,735.0,MANEUVER,0.83,13.02,4820.2,181.72,787.4,32.11,121.76,31.05,0.2592,13.97
2026-03-30T10:12:16+00:00,736.0,MANEUVER,0.8296,13.08,4817.9,181.6,788.21,32.0,122.16,31.39,0.2566,13.97
2026-03-30T10:12:17+00:00,737.0,MANEUVER,0.8283,13.08,4804.8,180.96,787.85,32.08,122.43,31.24,0.2591,14.0
2026-03-30T10:12:18+00:00,738.0,MANEUVER,0.8261,12.84,4797.2,181.44,787.84,32.15,122.45,31.06,0.2477,13.99
2026-03-30T10:12:19+00:00,739.0,MANEUVER,0.8231,12.78,4785.6,181.19,787.07,32.19,122.41,31.13,0.2368,13.95
2026-03-30T10:12:20+00:00,740.0,MANEUVER,0.8193,13.1,4767.4,181.48,783.98,31.95,122.32,30.6,0.264,14.02
2026-03-30T10:12:21+00:00,741.0,MANEUVER,0.8147,13.12,4758.8,181.85,784.99,31.89,122.66,30.93,0.2686,13.98
2026-03-30T10:12:22+00:00,742.0,MANEUVER,0.8095,12.9,4732.1,182.28,783.48,31.82,122.65,30.14,0.2337,14.04
2026-03-30T10:12:23+00:00,743.0,MANEUVER,0.8035,12.81,4697.6,181.97,781.1,31.51,122.97,29.85,0.2573,13.95
2026-03-30T10:12:24+00:00,744.0,MANEUVER,0.797,13.01,4679.9,182.11,778.52,31.16,123.15,29.5,0.2646,13.98
2026-03-30T10:12:25+00:00,745.0,MANEUVER,0.79,13.09,4643.7,182.93,776.87,30.5,123.29,29.22,0.2563,13.97
2026-03-30T10:12:26+00:00,746.0,MANEUVER,0.7825,13.18,4617.0,183.72,773.24,30.52,123.34,28.96,0.2423,13.96
2026-03-30T10:12:27+00:00,747.0,MANEUVER,0.7747,13.05,4584.7,184.19,767.92,30.28,123.52,28.44,0.2337,13.97
2026-03-30T10:12:28+00:00,748.0,MANEUVER,0.7666,12.96,4550.5,184.36,766.22,29.91,123.6,28.34,0.2437,14.04
2026-03-30T10:12:29+00:00,749.0,MANEUVER,0.7584,12.91,4537.5,183.97,764.06,30.05,123.63,27.86,0.2446,13.99
2026-03-30T10:12:30+00:00,750.0,MANEUVER,0.75,13.0,4496.8,184.26,760.56,29.32,123.8,27.43,0.2401,13.96
2026-03-30T10:12:31+00:00,751.0,MANEUVER,0.7416,12.97,4458.9,184.18,755.81,29.53,123.85,26.84,0.2343,13.93
2026-03-30T10:12:32+00:00,752.0,MANEUVER,0.7334,12.9,4404.9,184.37,752.73,29.08,123.79,26.53,0.2201,13.94
2026-03-30T10:12:33+00:00,753.0,MANEUVER,0.7253,13.2,4368.3,184.06,747.7,28.77,123.94,26.06,0.2358,13.97
2026-03-30T10:12:34+00:00,754.0,MANEUVER,0.7175,13.18,4339.1,183.93,743.59,28.31,123.98,25.66,0.2344,13.97
2026-03-30T10:12:35+00:00,755.0,MANEUVER,0.71,13.11,4297.8,183.92,739.95,27.57,124.11,25.23,0.2286,13.98
2026-03-30T10:12:36+00:00,756.0,MANEUVER,0.703,12.91,4276.5,183.92,738.27,27.44,124.08,25.49,0.2261,13.92
2026-03-30T10:12:37+00:00,757.0,MANEUVER,0.6965,13.09,4234.3,184.01,734.8,27.35,123.94,24.67,0.2424,13.98
2026-03-30T10:12:38+00:00,758.0,MANEUVER,0.6905,13.06,4206.9,183.66,731.41,27.28,124.24,24.21,0.213,14.02
2026-03-30T10:12:39+00:00,759.0,MANEUVER,0.6853,13.04,4178.8,183.0,731.16,26.9,124.5,24.06,0.2342,14.03
2026-03-30T10:12:40+00:00,760.0,MANEUVER,0.6807,13.12,4160.3,183.54,728.49,26.1,124.67,23.96,0.2088,13.93
2026-03-30T10:12:41+00:00,761.0,MANEUVER,0.6769,13.06,4136.0,184.39,726.01,25.7,124.63,23.84,0.2295,13.96
2026-03-30T10:12:42+00:00,762.0,MANEUVER,0.6739,13.07,4119.9,184.4,723.0,26.3,124.61,23.69,0.23,13.96
2026-03-30T10:12:43+00:00,763.0,MANEUVER,0.6717,13.06,4107.1,183.7,720.27,25.8,124.85,23.59,0.2109,13.99
2026-03-30T10:12:44+00:00,764.0,MANEUVER,0.6704,13.03,4093.6,183.24,716.2,26.09,124.81,23.29,0.2336,13.95
2026-03-30T10:12:45+00:00,765.0,MANEUVER,0.67,12.82,4095.5,183.29,716.96,25.66,124.73,23.44,0.2194,14.03
2026-03-30T10:12:46+00:00,766.0,MANEUVER,0.6704,13.01,4095.5,183.68,716.99,25.55,125.04,23.26,0.2033,13.98
2026-03-30T10:12:47+00:00,767.0,MANEUVER,0.6717,12.94,4095.8,183.05,716.4,25.67,125.05,23.33,0.2094,13.98
2026-03-30T10:12:48+00:00,768.0,MANEUVER,0.6739,12.87,4097.9,182.86,716.28,25.35,125.33,23.33,0.2276,14.03
2026-03-30T10:12:49+00:00,769.0,MANEUVER,0.6769,13.17,4115.5,182.83,717.75,25.81,125.14,23.45,0.2262,13.98
2026-03-30T10:12:50+00:00,770.0,MANEUVER,0.6807,13.17,4124.6,183.08,716.54,25.71,125.24,23.91,0.203,14.0
2026-03-30T10:12:51+00:00,771.0,MANEUVER,0.6853,13.14,4138.8,182.84,717.41,25.74,125.58,24.02,0.215,13.96
2026-03-30T10:12:52+00:00,772.0,MANEUVER,0.6905,13.03,4161.0,182.13,718.04,25.61,125.6,24.29,0.2205,13.94
2026-03-30T10:12:53+00:00,773.0,MANEUVER,0.6965,13.14,4198.2,182.33,722.82,25.86,125.59,24.48,0.2142,13.97
2026-03-30T10:12:54+00:00,774.0,MANEUVER,0.703,13.0,4207.4,182.74,725.95,26.25,125.44,24.77,0.2493,14.05
2026-03-30T10:12:55+00:00,775.0,MANEUVER,0.71,13.02,4244.5,182.68,725.44,26.13,125.64,24.74,0.2261,14.0
2026-03-30T10:12:56+00:00,776.0,MANEUVER,0.7175,12.89,4258.7,182.82,726.82,26.55,125.56,25.36,0.2236,13.99
2026-03-30T10:12:57+00:00,777.0,MANEUVER,0.7253,13.04,4300.2,182.63,730.56,26.31,125.59,25.66,0.2412,13.96
2026-03-30T10:12:58+00:00,778.0,MANEUVER,0.7334,13.01,4350.2,182.32,733.91,26.64,125.46,26.2,0.2256,14.01
2026-03-30T10:12:59+00:00,779.0,MANEUVER,0.7416,12.87,4385.6,182.77,736.34,26.83,125.75,26.55,0.2444,13.95
2026-03-30T10:13:00+00:00,780.0,MANEUVER,0.75,12.99,4419.7,182.98,743.14,26.61,125.98,26.73,0.2146,13.94
2026-03-30T10:13:01+00:00,781.0,MANEUVER,0.7584,12.99,4449.9,183.25,747.15,26.86,126.03,27.01,0.2312,13.97
2026-03-30T10:13:02+00:00,782.0,MANEUVER,0.7666,13.18,4488.5,183.94,751.38,27.05,125.93,27.54,0.2517,14.05
2026-03-30T10:13:03+00:00,783.0,MANEUVER,0.7747,13.09,4524.0,183.6,754.05,27.01,126.23,28.13,0.2604,14.05
2026-03-30T10:13:04+00:00,784.0,MANEUVER,0.7825,13.0,4555.3,183.48,758.66,27.36,126.25,28.51,0.2344,13.98
2026-03-30T10:13:05+00:00,785.0,MANEUVER,0.79,13.02,4591.9,183.68,761.64,27.6,126.16,28.6,0.2354,13.97
2026-03-30T10:13:06+00:00,786.0,MANEUVER,0.797,13.0,4630.2,183.59,764.83,27.79,125.98,29.06,0.2554,13.94
2026-03-30T10:13:07+00:00,787.0,MANEUVER,0.8035,12.98,4656.6,184.06,769.03,27.96,125.97,29.41,0.243,13.99
2026-03-30T10:13:08+00:00,788.0,MANEUVER,0.8095,12.89,4683.0,184.13,770.11,28.12,125.85,29.77,0.249,14.0
2026-03-30T10:13:09+00:00,789.0,MANEUVER,0.8147,12.98,4703.9,183.9,775.47,28.19,125.86,29.87,0.2642,14.01
2026-03-30T10:13:10+00:00,790.0,MANEUVER,0.8193,12.93,4738.7,184.11,778.23,28.42,126.07,30.2,0.2495,14.02
2026-03-30T10:13:11+00:00,791.0,MANEUVER,0.8231,12.87,4766.3,184.36,782.03,28.42,126.12,30.57,0.2342,13.99
2026-03-30T10:13:12+00:00,792.0,MANEUVER,0.8261,13.05,4784.7,184.92,782.39,29.26,126.28,30.9,0.2434,14.01
2026-03-30T10:13:13+00:00,793.0,MANEUVER,0.8283,13.04,4804.8,185.25,783.13,28.8,126.28,30.9,0.2605,13.97
2026-03-30T10:13:14+00:00,794.0,MANEUVER,0.8296,12.82,4811.0,185.59,783.47,28.71,126.4,31.13,0.2384,14.01
2026-03-30T10:13:15+00:00,795.0,MANEUVER,0.83,12.99,4817.6,185.88,785.53,28.65,126.8,31.36,0.2577,13.98
2026-03-30T10:13:16+00:00,796.0,MANEUVER,0.8296,13.1,4819.3,185.96,786.78,29.24,126.85,31.01,0.2446,14.01
2026-03-30T10:13:17+00:00,797.0,MANEUVER,0.8283,13.11,4814.1,185.82,786.86,28.71,127.01,31.11,0.2806,14.0
2026-03-30T10:13:18+00:00,798.0,MANEUVER,0.8261,13.1,4803.1,186.08,785.97,28.79,126.88,31.17,0.2862,13.99
2026-03-30T10:13:19+00:00,799.0,MANEUVER,0.8231,13.0,4812.7,186.08,784.64,28.78,127.21,30.97,0.2479,14.01
2026-03-30T10:13:20+00:00,800.0,MANEUVER,0.8193,12.92,4787.9,186.87,784.6,28.71,127.24,30.69,0.2621,13.94
2026-03-30T10:13:21+00:00,801.0,MANEUVER,0.8147,12.89,4763.3,187.5,783.46,28.79,127.49,30.68,0.2458,13.96
2026-03-30T10:13:22+00:00,802.0,MANEUVER,0.8095,13.03,4747.7,187.81,781.73,28.78,127.57,30.24,0.2524,13.98
2026-03-30T10:13:23+00:00,803.0,MANEUVER,0.8035,13.04,4725.1,188.01,782.4,28.26,127.75,30.17,0.2762,13.95
2026-03-30T10:13:24+00:00,804.0,MANEUVER,0.797,13.13,4685.7,187.99,780.08,27.97,127.94,29.66,0.2463,13.98
2026-03-30T10:13:25+00:00,805.0,MANEUVER,0.79,13.11,4670.2,187.5,779.13,27.22,127.95,29.3,0.2473,13.98
2026-03-30T10:13:26+00:00,806.0,MANEUVER,0.7825,12.99,4635.9,187.42,775.26,27.14,128.19,29.04,0.2371,14.03
2026-03-30T10:13:27+00:00,807.0,MANEUVER,0.7747,12.88,4592.8,187.44,772.33,26.73,128.14,28.56,0.2593,13.99
2026-03-30T10:13:28+00:00,808.0,MANEUVER,0.7666,12.97,4571.1,187.5,768.85,26.55,128.32,28.36,0.2048,14.02
2026-03-30T10:13:29+00:00,809.0,MANEUVER,0.7584,13.02,4537.1,187.64,763.32,25.96,128.33,27.74,0.2363,14.0
2026-03-30T10:13:30+00:00,810.0,MANEUVER,0.75,12.98,4486.0,187.94,761.97,25.96,128.43,27.33,0.2378,13.97
2026-03-30T10:13:31+00:00,811.0,MANEUVER,0.7416,12.94,4465.6,187.56,758.03,25.37,128.41,27.02,0.2289,13.99
2026-03-30T10:13:32+00:00,812.0,MANEUVER,0.7334,13.03,4427.8,187.19,755.2,25.35,128.47,26.73,0.2447,14.01
2026-03-30T10:13:33+00:00,813.0,MANEUVER,0.7253,12.95,4385.2,187.65,750.26,24.87,128.35,26.04,0.2461,14.02
2026-03-30T10:13:34+00:00,814.0,MANEUVER,0.7175,12.94,4358.8,187.82,746.41,24.59,128.42,26.03,0.2129,13.98
2026-03-30T10:13:35+00:00,815.0,MANEUVER,0.71,13.03,4317.3,187.5,741.83,24.78,128.46,25.55,0.2524,13.94
2026-03-30T10:13:36+00:00,816.0,MANEUVER,0.703,12.96,4279.0,187.29,740.11,24.64,128.41,24.91,0.2078,13.93
2026-03-30T10:13:37+00:00,817.0,MANEUVER,0.6965,13.02,4239.9,187.07,736.92,24.58,128.43,24.92,0.238,13.98
2026-03-30T10:13:38+00:00,818.0,MANEUVER,0.6905,13.03,4216.7,186.9,733.91,24.56,128.48,24.83,0.2228,13.91
2026-03-30T10:13:39+00:00,819.0,MANEUVER,0.6853,12.89,4192.3,186.89,732.21,23.89,128.41,24.4,0.2135,14.04
2026-03-30T10:13:40+00:00,820.0,MANEUVER,0.6807,12.95,4166.1,187.7,730.15,23.96,128.41,24.22,0.213,14.0
2026-03-30T10:13:41+00:00,821.0,MANEUVER,0.6769,13.14,4137.8,187.55,727.75,23.18,128.28,23.78,0.2159,13.96
2026-03-30T10:13:42+00:00,822.0,MANEUVER,0.6739,12.88,4124.0,187.58,722.92,23.18,128.65,23.38,0.2179,13.95
2026-03-30T10:13:43+00:00,823.0,MANEUVER,0.6717,12.79,4110.5,186.66,720.0,22.81,128.83,23.23,0.2036,14.01
2026-03-30T10:13:44+00:00,824.0,MANEUVER,0.6704,12.81,4090.6,186.25,717.36,22.4,128.88,23.4,0.2107,13.95
2026-03-30T10:13:45+00:00,825.0,MANEUVER,0.67,13.0,4078.3,186.54,717.53,22.48,129.06,23.19,0.2036,13.95
2026-03-30T10:13:46+00:00,826.0,MANEUVER,0.6704,13.0,4089.3,186.49,717.05,22.64,128.77,23.22,0.1989,13.96
2026-03-30T10:13:47+00:00,827.0,MANEUVER,0.6717,12.99,4072.5,184.53,714.97,22.69,128.4,23.26,0.2028,13.99
2026-03-30T10:13:48+00:00,828.0,MANEUVER,0.6739,13.12,4091.0,184.66,715.27,22.59,128.35,23.52,0.1999,14.0
2026-03-30T10:13:49+00:00,829.0,MANEUVER,0.6769,12.73,4101.7,185.28,714.17,22.53,128.16,23.32,0.2093,14.02
2026-03-30T10:13:50+00:00,830.0,MANEUVER,0.6807,13.04,4129.9,184.33,715.74,22.65,128.15,23.71,0.2212,14.02
2026-03-30T10:13:51+00:00,831.0,MANEUVER,0.6853,13.16,4140.0,184.83,715.57,22.68,128.21,24.15,0.2182,13.98
2026-03-30T10:13:52+00:00,832.0,MANEUVER,0.6905,12.89,4166.0,183.61,718.68,22.79,128.37,24.01,0.242,14.02
2026-03-30T10:13:53+00:00,833.0,MANEUVER,0.6898,12.9,4169.3,183.9,720.64,22.78,128.23,24.31,0.1919,13.96
2026-03-30T10:13:54+00:00,834.0,MANEUVER,0.6896,12.79,4174.7,183.81,723.84,22.93,128.31,24.14,0.2244,13.93
2026-03-30T10:13:55+00:00,835.0,MANEUVER,0.69,12.71,4183.3,182.77,724.89,22.4,128.34,24.35,0.2193,13.96
2026-03-30T10:13:56+00:00,836.0,MANEUVER,0.6908,12.7,4179.8,182.89,724.21,22.42,128.41,24.43,0.2288,13.96
2026-03-30T10:13:57+00:00,837.0,MANEUVER,0.6919,12.81,4192.3,183.3,725.41,22.15,128.36,24.47,0.2284,13.97
2026-03-30T10:13:58+00:00,838.0,MANEUVER,0.6934,12.78,4185.9,183.37,723.77,22.34,128.6,24.48,0.2175,13.96
2026-03-30T10:13:59+00:00,839.0,MANEUVER,0.695,12.5,4196.4,183.54,723.24,22.81,128.61,24.27,0.2222,13.97
2026-03-30T10:14:00+00:00,840.0,CRUISE,0.6967,12.66,4210.6,183.31,724.7,22.57,128.9,24.73,0.212,14.0
2026-03-30T10:14:01+00:00,841.0,CRUISE,0.69,12.4,4201.1,182.48,721.82,22.54,128.79,24.26,0.2275,14.04
2026-03-30T10:14:02+00:00,842.0,CRUISE,0.6833,12.51,4191.5,182.68,721.5,22.63,128.92,24.25,0.1968,13.93
2026-03-30T10:14:03+00:00,843.0,CRUISE,0.6767,12.26,4150.5,183.29,719.09,21.85,128.92,23.88,0.2263,13.95
2026-03-30T10:14:04+00:00,844.0,CRUISE,0.67,12.21,4109.8,183.61,717.8,21.64,128.88,23.55,0.2142,13.96
2026-03-30T10:14:05+00:00,845.0,CRUISE,0.6633,12.17,4077.3,182.66,714.56,21.62,128.98,23.22,0.2067,14.01
2026-03-30T10:14:06+00:00,846.0,CRUISE,0.6567,12.38,4059.2,181.91,713.25,20.74,128.93,22.82,0.2086,13.98
2026-03-30T10:14:07+00:00,847.0,CRUISE,0.65,12.09,4033.9,181.44,710.85,20.63,128.53,22.48,0.2079,13.96
2026-03-30T10:14:08+00:00,848.0,CRUISE,0.65,11.93,4017.8,180.67,710.71,21.05,128.06,22.71,0.2245,14.0
2026-03-30T10:14:09+00:00,849.0,CRUISE,0.65,12.1,3999.7,180.59,708.96,21.2,128.25,22.5,0.2468,14.01
2026-03-30T10:14:10+00:00,850.0,CRUISE,0.65,11.96,4005.5,180.64,706.74,21.13,128.44,22.68,0.223,13.98
2026-03-30T10:14:11+00:00,851.0,CRUISE,0.65,11.95,3992.6,179.97,705.75,21.14,128.72,22.42,0.2009,13.96
2026-03-30T10:14:12+00:00,852.0,CRUISE,0.65,12.09,4005.0,180.2,703.8,20.99,128.71,22.3,0.2159,13.99
2026-03-30T10:14:13+00:00,853.0,CRUISE,0.65,12.0,4025.0,180.35,704.5,21.04,128.51,22.77,0.2174,13.98
2026-03-30T10:14:14+00:00,854.0,CRUISE,0.65,12.03,4015.3,180.04,705.21,20.81,128.45,22.51,0.1977,13.98
2026-03-30T10:14:15+00:00,855.0,CRUISE,0.65,12.0,4012.1,179.89,707.97,20.76,128.45,22.6,0.1935,13.97
2026-03-30T10:14:16+00:00,856.0,CRUISE,0.65,12.03,4001.8,179.03,706.22,20.5,128.29,22.39,0.2074,14.01
2026-03-30T10:14:17+00:00,857.0,CRUISE,0.65,12.04,3986.0,178.84,705.38,20.75,128.54,22.64,0.217,13.99
2026-03-30T10:14:18+00:00,858.0,CRUISE,0.65,11.81,3987.5,178.8,704.32,20.93,128.87,22.27,0.1881,14.01
2026-03-30T10:14:19+00:00,859.0,CRUISE,0.65,12.07,3984.4,178.82,704.59,20.97,128.93,22.33,0.1986,14.02
2026-03-30T10:14:20+00:00,860.0,CRUISE,0.65,11.9,3980.0,178.92,704.93,20.52,128.92,22.37,0.2139,14.0
2026-03-30T10:14:21+00:00,861.0,CRUISE,0.65,11.86,4003.0,178.97,704.67,20.17,128.72,22.33,0.2087,13.97
2026-03-30T10:14:22+00:00,862.0,CRUISE,0.65,11.99,4003.3,178.81,705.9,20.48,128.95,22.55,0.2252,14.01
2026-03-30T10:14:23+00:00,863.0,CRUISE,0.65,12.01,4004.3,178.88,704.75,20.48,128.96,22.74,0.1913,14.0
2026-03-30T10:14:24+00:00,864.0,CRUISE,0.65,11.93,3999.3,179.23,705.81,20.39,128.91,22.4,0.2362,14.06
2026-03-30T10:14:25+00:00,865.0,CRUISE,0.65,12.08,3997.8,179.14,706.08,20.07,128.98,22.52,0.1895,13.99
2026-03-30T10:14:26+00:00,866.0,CRUISE,0.65,11.87,4006.1,179.21,705.55,20.16,128.88,22.1,0.184,14.0
2026-03-30T10:14:27+00:00,867.0,CRUISE,0.65,11.96,4002.4,179.08,704.84,19.8,128.9,22.48,0.2075,13.99
2026-03-30T10:14:28+00:00,868.0,CRUISE,0.65,11.94,4005.0,178.77,707.61,20.02,128.69,22.46,0.1947,13.98
2026-03-30T10:14:29+00:00,869.0,CRUISE,0.65,12.0,4000.6,178.94,705.72,20.3,128.85,22.36,0.2076,13.97
2026-03-30T10:14:30+00:00,870.0,CRUISE,0.65,12.03,3997.1,178.67,705.71,20.51,128.83,22.62,0.207,13.99
2026-03-30T10:14:31+00:00,871.0,CRUISE,0.65,11.9,3986.8,178.79,704.38,20.35,129.01,22.35,0.205,14.0
2026-03-30T10:14:32+00:00,872.0,CRUISE,0.65,12.07,3976.9,178.76,706.51,19.69,128.98,22.31,0.1968,14.02
2026-03-30T10:14:33+00:00,873.0,CRUISE,0.65,12.01,3985.6,178.6,706.96,19.69,128.95,22.33,0.2125,13.99
2026-03-30T10:14:34+00:00,874.0,CRUISE,0.65,11.81,3992.6,178.43,705.34,20.19,128.77,22.14,0.2039,13.97
2026-03-30T10:14:35+00:00,875.0,CRUISE,0.65,11.8,3985.5,178.2,705.6,19.7,128.89,22.22,0.2205,13.97
2026-03-30T10:14:36+00:00,876.0,CRUISE,0.65,12.0,3991.8,177.52,705.55,19.61,128.75,22.57,0.2055,13.94
2026-03-30T10:14:37+00:00,877.0,CRUISE,0.65,11.98,3995.8,177.67,704.59,19.93,128.68,22.13,0.1962,14.03
2026-03-30T10:14:38+00:00,878.0,CRUISE,0.65,11.99,3980.1,177.76,705.41,19.86,128.69,22.24,0.1868,13.97
2026-03-30T10:14:39+00:00,879.0,CRUISE,0.65,12.0,3982.0,178.09,705.56,20.27,128.71,22.31,0.2051,14.01
2026-03-30T10:14:40+00:00,880.0,CRUISE,0.65,12.02,3993.6,177.86,705.49,19.75,128.46,22.7,0.1925,13.99
2026-03-30T10:14:41+00:00,881.0,CRUISE,0.65,12.09,3999.3,178.61,705.16,19.37,128.44,22.59,0.1918,13.99
2026-03-30T10:14:42+00:00,882.0,CRUISE,0.65,11.89,3990.0,178.43,705.41,19.64,128.57,22.33,0.2139,13.98
2026-03-30T10:14:43+00:00,883.0,CRUISE,0.65,11.88,3995.7,178.05,705.35,19.21,128.52,22.65,0.1865,13.96
2026-03-30T10:14:44+00:00,884.0,CRUISE,0.65,11.89,4005.5,177.63,705.12,19.2,128.5,22.4,0.2253,13.95
2026-03-30T10:14:45+00:00,885.0,CRUISE,0.65,12.03,4008.6,176.94,704.17,19.22,128.53,22.68,0.2104,14.03
2026-03-30T10:14:46+00:00,886.0,CRUISE,0.65,12.12,4003.2,177.57,706.32,19.48,128.52,22.29,0.2077,13.99
2026-03-30T10:14:47+00:00,887.0,CRUISE,0.65,11.96,3997.4,178.12,704.49,19.5,128.38,22.62,0.1955,14.02
2026-03-30T10:14:48+00:00,888.0,CRUISE,0.65,11.75,3993.2,178.34,704.88,19.45,128.39,22.37,0.2169,14.02
2026-03-30T10:14:49+00:00,889.0,CRUISE,0.65,11.83,3999.8,177.96,704.3,19.2,128.55,22.32,0.208,13.97
2026-03-30T10:14:50+00:00,890.0,CRUISE,0.65,11.92,4001.0,178.67,706.42,19.44,128.41,22.45,0.1999,14.0
2026-03-30T10:14:51+00:00,891.0,CRUISE,0.65,11.94,4005.1,178.5,704.75,20.29,128.38,22.55,0.2107,13.98
2026-03-30T10:14:52+00:00,892.0,CRUISE,0.65,11.96,4003.2,178.37,703.76,19.96,128.19,22.42,0.188,13.95
2026-03-30T10:14:53+00:00,893.0,CRUISE,0.65,12.0,4007.7,178.93,702.79,19.6,128.35,22.61,0.1888,13.98
2026-03-30T10:14:54+00:00,894.0,CRUISE,0.65,11.97,4004.3,179.16,703.63,19.0,128.36,22.41,0.1948,14.0
2026-03-30T10:14:55+00:00,895.0,CRUISE,0.65,12.1,4008.0,180.0,702.25,18.81,128.26,22.62,0.2126,13.97
2026-03-30T10:14:56+00:00,896.0,CRUISE,0.65,11.93,4010.6,180.03,702.28,18.78,128.3,22.61,0.2085,13.97
2026-03-30T10:14:57+00:00,897.0,CRUISE,0.65,11.91,3998.6,179.81,700.27,18.65,128.15,22.46,0.2206,13.98
2026-03-30T10:14:58+00:00,898.0,CRUISE,0.65,12.05,3984.3,179.51,701.72,18.65,128.03,22.32,0.1962,14.05
2026-03-30T10:14:59+00:00,899.0,CRUISE,0.65,11.85,4003.8,178.72,701.83,19.15,127.84,22.52,0.2151,13.93
2026-03-30T10:15:00+00:00,900.0,CRUISE,0.65,12.04,4003.6,178.58,700.79,19.31,127.71,22.58,0.2069,14.0
2026-03-30T10:15:01+00:00,901.0,CRUISE,0.65,12.01,3987.7,179.02,703.1,18.98,127.95,22.71,0.1961,13.97
2026-03-30T10:15:02+00:00,902.0,CRUISE,0.65,11.99,3987.5,179.23,701.87,18.51,127.88,22.54,0.212,13.96
2026-03-30T10:15:03+00:00,903.0,CRUISE,0.65,12.16,3999.3,179.2,703.6,18.86,127.98,22.62,0.2072,13.97
2026-03-30T10:15:04+00:00,904.0,CRUISE,0.65,11.94,3996.9,178.76,702.96,18.71,127.89,22.92,0.2003,14.0
2026-03-30T10:15:05+00:00,905.0,CRUISE,0.65,12.21,3993.9,178.83,705.35,18.17,128.04,22.52,0.2082,14.0
2026-03-30T10:15:06+00:00,906.0,CRUISE,0.65,11.98,4007.6,179.21,705.98,18.48,127.93,22.59,0.2069,13.99
2026-03-30T10:15:07+00:00,907.0,CRUISE,0.65,11.87,3995.1,179.35,704.27,18.69,127.97,22.55,0.2059,14.02
2026-03-30T10:15:08+00:00,908.0,CRUISE,0.65,12.01,3990.6,179.37,703.2,17.92,128.02,22.27,0.2026,14.02
2026-03-30T10:15:09+00:00,909.0,CRUISE,0.65,11.89,3996.4,179.01,704.22,17.83,128.4,22.39,0.1922,14.01
2026-03-30T10:15:10+00:00,910.0,CRUISE,0.65,11.92,4000.8,179.33,703.93,17.94,128.53,22.41,0.209,13.97
2026-03-30T10:15:11+00:00,911.0,CRUISE,0.65,12.04,4003.9,178.04,703.88,18.21,128.47,22.6,0.1986,14.0
2026-03-30T10:15:12+00:00,912.0,CRUISE,0.65,12.06,4008.9,178.19,705.59,18.05,128.61,22.5,0.1962,14.0
2026-03-30T10:15:13+00:00,913.0,CRUISE,0.65,11.94,4005.7,179.21,704.34,17.82,128.96,22.53,0.2054,13.96
2026-03-30T10:15:14+00:00,914.0,CRUISE,0.65,12.1,4006.4,178.58,704.51,18.08,128.74,22.68,0.2172,13.94
2026-03-30T10:15:15+00:00,915.0,CRUISE,0.65,12.12,4000.7,178.47,705.67,17.9,128.65,22.61,0.2103,13.92
2026-03-30T10:15:16+00:00,916.0,CRUISE,0.65,12.14,4000.4,178.46,706.33,18.04,128.64,22.45,0.2017,13.98
2026-03-30T10:15:17+00:00,917.0,CRUISE,0.65,12.05,4000.6,178.27,705.61,17.69,128.61,22.38,0.2012,13.99
2026-03-30T10:15:18+00:00,918.0,CRUISE,0.65,12.14,4001.6,178.68,704.97,17.4,128.6,22.66,0.2158,13.95
2026-03-30T10:15:19+00:00,919.0,CRUISE,0.65,11.81,4006.5,178.85,702.67,17.77,128.44,22.63,0.1796,14.01
2026-03-30T10:15:20+00:00,920.0,CRUISE,0.65,11.97,4007.3,178.89,701.89,17.83,128.69,22.28,0.218,13.99
2026-03-30T10:15:21+00:00,921.0,CRUISE,0.65,11.91,4003.7,179.18,702.96,18.02,128.51,22.45,0.1857,14.02
2026-03-30T10:15:22+00:00,922.0,CRUISE,0.65,12.01,3994.9,179.16,703.2,17.73,128.52,22.47,0.1908,13.99
2026-03-30T10:15:23+00:00,923.0,CRUISE,0.65,11.94,3997.5,180.41,703.61,17.47,128.72,22.58,0.2017,13.95
2026-03-30T10:15:24+00:00,924.0,CRUISE,0.65,11.98,3998.0,180.4,705.07,17.83,128.76,22.6,0.234,14.0
2026-03-30T10:15:25+00:00,925.0,CRUISE,0.65,12.19,4000.1,180.42,703.52,17.32,128.66,22.52,0.2282,14.0
2026-03-30T10:15:26+00:00,926.0,CRUISE,0.65,11.98,4017.2,179.68,703.51,17.75,128.5,22.67,0.2174,13.97
2026-03-30T10:15:27+00:00,927.0,CRUISE,0.65,12.04,4004.2,179.42,704.01,17.97,128.51,22.51,0.2125,13.94
2026-03-30T10:15:28+00:00,928.0,CRUISE,0.65,11.98,4005.1,179.85,703.28,17.98,128.44,22.41,0.186,13.99
2026-03-30T10:15:29+00:00,929.0,CRUISE,0.65,12.01,4010.7,179.27,705.33,17.59,128.52,22.5,0.2105,13.95
2026-03-30T10:15:30+00:00,930.0,CRUISE,0.65,12.0,4005.8,178.38,706.17,17.31,128.35,22.51,0.2017,14.02
2026-03-30T10:15:31+00:00,931.0,CRUISE,0.65,12.04,4021.2,178.39,706.07,17.3,128.52,22.6,0.1993,13.97
2026-03-30T10:15:32+00:00,932.0,CRUISE,0.65,12.12,4007.4,178.94,707.8,16.96,128.58,22.24,0.2103,14.03
2026-03-30T10:15:33+00:00,933.0,CRUISE,0.65,12.16,4005.9,178.94,705.1,16.82,128.66,22.45,0.2027,13.92
2026-03-30T10:15:34+00:00,934.0,CRUISE,0.65,12.03,3996.2,178.79,704.9,17.07,128.92,22.46,0.2183,13.99
2026-03-30T10:15:35+00:00,935.0,CRUISE,0.65,12.06,3994.8,178.04,705.21,17.2,128.89,22.4,0.1845,14.03
2026-03-30T10:15:36+00:00,936.0,CRUISE,0.65,11.88,3998.9,178.23,703.84,16.86,128.82,22.43,0.2089,13.96
2026-03-30T10:15:37+00:00,937.0,CRUISE,0.65,11.99,4005.7,178.5,704.37,17.09,128.79,22.58,0.1978,13.98
2026-03-30T10:15:38+00:00,938.0,CRUISE,0.65,12.09,4005.0,177.79,703.09,17.15,128.8,22.34,0.2034,13.97
2026-03-30T10:15:39+00:00,939.0,CRUISE,0.65,12.09,4012.2,178.26,704.34,17.45,128.83,22.31,0.2123,13.96
2026-03-30T10:15:40+00:00,940.0,CRUISE,0.65,12.02,4005.0,178.57,705.64,17.37,128.75,22.45,0.1949,13.99
2026-03-30T10:15:41+00:00,941.0,CRUISE,0.65,12.09,3999.5,179.03,705.65,17.43,128.5,22.59,0.21,13.94
2026-03-30T10:15:42+00:00,942.0,CRUISE,0.65,12.05,4020.9,179.24,703.12,17.36,128.47,22.86,0.2066,13.98
2026-03-30T10:15:43+00:00,943.0,CRUISE,0.65,12.12,4013.4,179.49,702.39,17.4,128.58,22.67,0.2008,14.0
2026-03-30T10:15:44+00:00,944.0,CRUISE,0.65,12.03,4000.7,179.67,703.65,16.8,128.66,22.26,0.2024,13.98
2026-03-30T10:15:45+00:00,945.0,CRUISE,0.65,11.96,3994.3,179.99,703.86,16.68,128.89,22.41,0.2059,13.95
2026-03-30T10:15:46+00:00,946.0,CRUISE,0.65,12.03,3989.1,179.22,700.78,16.57,129.24,22.45,0.1983,14.01
2026-03-30T10:15:47+00:00,947.0,CRUISE,0.65,11.71,4001.4,178.59,703.2,16.46,129.39,22.51,0.2082,14.0
2026-03-30T10:15:48+00:00,948.0,CRUISE,0.65,12.04,3997.4,178.3,703.71,16.52,129.64,22.54,0.2046,13.95
2026-03-30T10:15:49+00:00,949.0,CRUISE,0.65,11.64,3999.2,178.25,702.8,16.58,129.8,22.33,0.2007,13.94
2026-03-30T10:15:50+00:00,950.0,CRUISE,0.65,11.83,3998.6,178.41,704.38,16.51,130.09,22.48,0.227,13.95
2026-03-30T10:15:51+00:00,951.0,CRUISE,0.65,12.05,4004.7,178.55,703.6,16.31,130.4,22.57,0.2133,14.0
2026-03-30T10:15:52+00:00,952.0,CRUISE,0.65,12.05,3995.2,179.0,703.01,15.99,130.58,22.57,0.2032,13.99
2026-03-30T10:15:53+00:00,953.0,CRUISE,0.65,11.88,3988.5,179.45,703.77,16.21,130.72,22.29,0.2092,14.01
2026-03-30T10:15:54+00:00,954.0,CRUISE,0.65,11.93,3995.4,179.08,706.06,16.16,130.72,22.4,0.1955,13.97
2026-03-30T10:15:55+00:00,955.0,CRUISE,0.65,12.14,4002.0,179.17,707.59,15.79,130.74,22.08,0.2029,13.95
2026-03-30T10:15:56+00:00,956.0,CRUISE,0.65,11.95,4003.2,178.81,707.1,15.75,130.72,22.4,0.2044,14.01
2026-03-30T10:15:57+00:00,957.0,CRUISE,0.65,12.22,3994.7,178.74,706.96,15.3,130.85,22.37,0.1928,13.97
2026-03-30T10:15:58+00:00,958.0,CRUISE,0.65,12.0,4002.3,178.87,707.19,15.47,130.77,22.34,0.2128,13.99
2026-03-30T10:15:59+00:00,959.0,CRUISE,0.65,12.04,3994.7,177.51,704.89,15.49,130.77,22.47,0.2017,13.94
2026-03-30T10:16:00+00:00,960.0,CRUISE,0.65,12.16,3992.7,178.51,705.57,15.4,130.45,22.42,0.2034,13.97
2026-03-30T10:16:01+00:00,961.0,CRUISE,0.65,12.01,3988.2,178.75,704.34,15.84,130.75,22.07,0.2006,14.01
2026-03-30T10:16:02+00:00,962.0,CRUISE,0.65,11.9,4003.9,178.51,704.71,15.44,130.75,22.53,0.2437,13.96
2026-03-30T10:16:03+00:00,963.0,CRUISE,0.65,11.99,4006.6,179.29,704.36,15.65,130.85,22.38,0.2004,14.01
2026-03-30T10:16:04+00:00,964.0,CRUISE,0.65,12.0,4007.8,179.14,704.98,16.11,131.1,22.6,0.1836,13.91
2026-03-30T10:16:05+00:00,965.0,CRUISE,0.65,11.86,4013.5,179.18,704.94,16.11,131.18,22.37,0.1895,13.97
2026-03-30T10:16:06+00:00,966.0,CRUISE,0.65,11.97,4029.0,178.98,701.14,15.84,131.43,22.66,0.2186,13.98
2026-03-30T10:16:07+00:00,967.0,CRUISE,0.65,11.93,4000.7,179.64,702.25,15.32,131.27,22.44,0.2241,14.03
2026-03-30T10:16:08+00:00,968.0,CRUISE,0.65,12.09,3994.0,179.58,703.65,14.88,131.67,22.49,0.1996,13.95
2026-03-30T10:16:09+00:00,969.0,CRUISE,0.65,12.0,3991.5,179.62,704.39,14.82,131.86,22.44,0.223,14.0
2026-03-30T10:16:10+00:00,970.0,CRUISE,0.65,11.97,3988.4,180.08,704.24,14.68,131.92,22.37,0.2163,14.01
2026-03-30T10:16:11+00:00,971.0,CRUISE,0.65,11.99,3985.0,180.29,706.23,14.55,132.16,22.16,0.205,13.96
2026-03-30T10:16:12+00:00,972.0,CRUISE,0.65,12.02,3989.4,180.23,706.07,14.57,132.01,22.19,0.2044,13.97
2026-03-30T10:16:13+00:00,973.0,CRUISE,0.65,12.06,3984.4,180.64,706.12,14.61,132.0,22.29,0.2094,13.99
2026-03-30T10:16:14+00:00,974.0,CRUISE,0.65,11.9,3994.2,181.61,706.84,14.77,132.25,22.44,0.2183,13.94
2026-03-30T10:16:15+00:00,975.0,CRUISE,0.65,11.9,3997.0,181.66,706.54,14.45,132.0,22.37,0.2127,13.97
2026-03-30T10:16:16+00:00,976.0,CRUISE,0.65,12.11,4001.8,181.64,704.9,14.38,132.12,22.58,0.2,14.02
2026-03-30T10:16:17+00:00,977.0,CRUISE,0.65,11.96,4004.5,181.63,701.82,14.45,132.23,22.46,0.2062,14.0
2026-03-30T10:16:18+00:00,978.0,CRUISE,0.65,11.86,4006.7,182.08,701.95,14.45,132.56,22.37,0.2322,13.98
2026-03-30T10:16:19+00:00,979.0,CRUISE,0.65,12.04,4000.0,181.76,703.57,14.93,132.35,22.43,0.2111,13.99
2026-03-30T10:16:20+00:00,980.0,CRUISE,0.65,12.05,4016.5,181.58,703.43,14.84,132.63,22.61,0.2193,14.0
2026-03-30T10:16:21+00:00,981.0,CRUISE,0.65,11.85,4009.9,180.89,704.63,14.28,132.57,22.58,0.215,14.01
2026-03-30T10:16:22+00:00,982.0,CRUISE,0.65,12.02,3989.7,180.37,704.73,14.39,132.53,22.7,0.2108,13.97
2026-03-30T10:16:23+00:00,983.0,CRUISE,0.65,12.07,3986.2,180.13,706.19,14.47,132.37,22.29,0.2086,14.03
2026-03-30T10:16:24+00:00,984.0,CRUISE,0.65,12.04,3978.6,180.08,705.3,14.32,132.24,22.34,0.2177,14.02
2026-03-30T10:16:25+00:00,985.0,CRUISE,0.65,12.06,3988.7,180.77,705.61,13.97,132.34,22.47,0.2161,14.0
2026-03-30T10:16:26+00:00,986.0,CRUISE,0.65,11.86,3992.7,180.94,705.81,14.49,132.21,22.43,0.2108,13.96
2026-03-30T10:16:27+00:00,987.0,CRUISE,0.65,12.03,3992.1,180.53,707.21,14.08,132.35,22.35,0.1993,13.95
2026-03-30T10:16:28+00:00,988.0,CRUISE,0.65,11.97,4011.6,180.2,704.38,14.3,132.29,22.31,0.2133,13.97
2026-03-30T10:16:29+00:00,989.0,CRUISE,0.65,11.95,4009.9,180.72,703.83,14.31,132.14,22.46,0.2077,13.98
2026-03-30T10:16:30+00:00,990.0,CRUISE,0.65,12.09,4010.4,181.14,705.06,14.4,132.1,22.38,0.2049,13.93
2026-03-30T10:16:31+00:00,991.0,CRUISE,0.65,12.15,3997.4,181.1,706.77,14.67,132.2,22.2,0.2401,14.0
2026-03-30T10:16:32+00:00,992.0,CRUISE,0.65,12.18,3990.2,180.88,706.43,14.52,132.2,22.3,0.1891,14.02
2026-03-30T10:16:33+00:00,993.0,CRUISE,0.65,12.13,3994.8,181.29,705.54,14.13,132.25,22.29,0.2193,14.0
2026-03-30T10:16:34+00:00,994.0,CRUISE,0.65,11.99,3998.3,180.84,706.12,14.3,132.39,22.55,0.1976,13.96
2026-03-30T10:16:35+00:00,995.0,CRUISE,0.65,12.04,3983.8,180.95,706.66,13.89,132.6,22.47,0.2088,13.96
2026-03-30T10:16:36+00:00,996.0,CRUISE,0.65,12.08,3989.8,181.82,705.6,13.85,132.59,22.28,0.2383,13.99
2026-03-30T10:16:37+00:00,997.0,CRUISE,0.65,12.01,3994.4,181.84,705.65,13.46,132.48,22.4,0.1962,13.98
2026-03-30T10:16:38+00:00,998.0,CRUISE,0.65,12.01,3994.9,181.46,706.71,13.27,132.53,22.17,0.1991,14.0
2026-03-30T10:16:39+00:00,999.0,CRUISE,0.65,12.08,3990.4,181.57,708.33,13.39,132.64,22.34,0.2073,14.0
2026-03-30T10:16:40+00:00,1000.0,CRUISE,0.65,11.99,3990.3,181.32,708.09,13.53,132.47,22.48,0.1974,14.02
2026-03-30T10:16:41+00:00,1001.0,CRUISE,0.65,11.93,3993.2,180.71,707.06,13.1,132.38,22.56,0.2183,13.95
2026-03-30T10:16:42+00:00,1002.0,CRUISE,0.65,11.96,3996.8,180.96,706.22,13.38,132.31,22.35,0.2015,13.99
2026-03-30T10:16:43+00:00,1003.0,CRUISE,0.65,12.06,4002.7,181.37,706.4,13.23,132.33,22.65,0.216,13.97
2026-03-30T10:16:44+00:00,1004.0,CRUISE,0.65,12.0,4009.6,181.19,705.71,13.66,132.26,22.31,0.1926,13.98
2026-03-30T10:16:45+00:00,1005.0,CRUISE,0.65,12.03,4002.1,181.0,705.58,13.47,132.42,22.3,0.1865,14.01
2026-03-30T10:16:46+00:00,1006.0,CRUISE,0.65,12.07,3997.0,180.57,704.0,13.14,132.23,22.56,0.2051,14.01
2026-03-30T10:16:47+00:00,1007.0,CRUISE,0.65,11.96,4001.5,180.49,705.66,13.25,132.04,22.74,0.1893,14.02
2026-03-30T10:16:48+00:00,1008.0,CRUISE,0.65,12.08,4005.2,180.24,703.97,13.06,132.04,22.58,0.2265,14.0
2026-03-30T10:16:49+00:00,1009.0,CRUISE,0.65,12.04,3998.7,179.82,703.58,13.46,132.07,22.46,0.1896,13.98
2026-03-30T10:16:50+00:00,1010.0,CRUISE,0.65,11.88,4005.2,180.57,703.9,13.39,131.9,22.18,0.1959,13.97
2026-03-30T10:16:51+00:00,1011.0,CRUISE,0.65,12.14,4010.1,180.73,706.5,13.31,131.87,22.23,0.2135,13.93
2026-03-30T10:16:52+00:00,1012.0,CRUISE,0.65,11.95,4015.0,180.93,705.4,13.45,131.87,22.59,0.2018,14.02
2026-03-30T10:16:53+00:00,1013.0,CRUISE,0.6267,12.1,3970.2,181.19,701.39,12.99,131.86,21.87,0.1874,13.97
2026-03-30T10:16:54+00:00,1014.0,CRUISE,0.6033,12.43,3874.8,181.36,695.7,12.37,131.92,20.83,0.2244,14.0
2026-03-30T10:16:55+00:00,1015.0,CRUISE,0.58,12.7,3781.8,181.0,691.29,12.16,131.85,20.12,0.1824,14.0
2026-03-30T10:16:56+00:00,1016.0,CRUISE,0.5567,13.07,3683.0,180.88,679.82,11.35,132.09,19.24,0.1864,13.94
2026-03-30T10:16:57+00:00,1017.0,CRUISE,0.5333,13.31,3580.6,180.5,670.76,10.57,132.17,18.48,0.1806,13.95
2026-03-30T10:16:58+00:00,1018.0,CRUISE,0.51,13.57,3472.8,180.36,665.75,10.28,132.04,17.47,0.1858,14.02
2026-03-30T10:16:59+00:00,1019.0,CRUISE,0.4867,13.93,3360.1,180.15,656.61,9.71,132.03,16.76,0.177,13.98
2026-03-30T10:17:00+00:00,1020.0,DESCENT,0.4633,14.17,3264.3,179.6,645.03,8.65,132.02,15.8,0.1566,13.96
2026-03-30T10:17:01+00:00,1021.0,DESCENT,0.44,14.43,3157.8,178.63,635.01,7.85,132.16,14.99,0.1573,13.97
2026-03-30T10:17:02+00:00,1022.0,DESCENT,0.4167,14.71,3059.7,178.24,624.98,7.03,132.01,14.44,0.1537,14.0
2026-03-30T10:17:03+00:00,1023.0,DESCENT,0.3933,14.99,2952.2,177.67,615.73,6.89,132.06,13.39,0.1603,14.0
2026-03-30T10:17:04+00:00,1024.0,DESCENT,0.37,14.99,2844.6,176.38,607.2,6.29,131.99,13.24,0.1324,13.92
2026-03-30T10:17:05+00:00,1025.0,DESCENT,0.3467,15.43,2750.1,176.04,596.43,5.32,132.12,12.24,0.1663,14.02
2026-03-30T10:17:06+00:00,1026.0,DESCENT,0.3233,15.52,2651.3,175.84,584.55,5.0,132.2,11.62,0.1287,14.0
2026-03-30T10:17:07+00:00,1027.0,DESCENT,0.3,16.0,2554.5,176.23,574.71,5.0,132.12,11.04,0.1335,13.96
2026-03-30T10:17:08+00:00,1028.0,DESCENT,0.3,16.0,2517.7,175.44,565.82,5.0,131.96,11.11,0.1185,13.93
2026-03-30T10:17:09+00:00,1029.0,DESCENT,0.3,16.1,2483.5,174.61,559.03,5.0,131.92,10.81,0.1158,14.0
2026-03-30T10:17:10+00:00,1030.0,DESCENT,0.3,16.12,2467.6,173.58,553.27,5.0,131.78,10.39,0.1203,13.98
2026-03-30T10:17:11+00:00,1031.0,DESCENT,0.3,16.02,2447.0,173.11,549.3,5.0,131.92,10.77,0.1185,13.92
2026-03-30T10:17:12+00:00,1032.0,DESCENT,0.3,15.95,2434.7,172.64,547.22,5.0,131.81,10.46,0.1248,13.96
2026-03-30T10:17:13+00:00,1033.0,DESCENT,0.3,16.05,2451.3,171.79,545.45,5.0,131.63,10.59,0.1186,14.06
2026-03-30T10:17:14+00:00,1034.0,DESCENT,0.3,15.95,2439.8,171.21,545.92,5.0,131.44,10.34,0.1383,13.97
2026-03-30T10:17:15+00:00,1035.0,DESCENT,0.3,16.0,2433.0,169.93,544.44,5.0,131.14,10.58,0.1204,13.94
2026-03-30T10:17:16+00:00,1036.0,DESCENT,0.3,16.1,2437.5,169.85,541.1,5.0,131.11,10.42,0.1192,13.93
2026-03-30T10:17:17+00:00,1037.0,DESCENT,0.3,15.94,2439.4,169.09,541.17,5.0,130.87,10.54,0.1252,14.02
2026-03-30T10:17:18+00:00,1038.0,DESCENT,0.3,16.08,2433.9,168.65,541.94,5.0,130.93,10.47,0.1417,13.99
2026-03-30T10:17:19+00:00,1039.0,DESCENT,0.3,16.07,2435.8,167.67,542.34,5.0,130.62,10.8,0.1324,14.01
2026-03-30T10:17:20+00:00,1040.0,DESCENT,0.3,15.9,2449.1,167.05,545.14,5.0,130.52,10.86,0.1291,13.97
2026-03-30T10:17:21+00:00,1041.0,DESCENT,0.3,16.1,2439.6,166.57,544.63,5.0,130.58,10.54,0.1128,14.0
2026-03-30T10:17:22+00:00,1042.0,DESCENT,0.3,16.07,2430.1,166.21,546.04,5.0,130.15,10.5,0.1159,13.94
2026-03-30T10:17:23+00:00,1043.0,DESCENT,0.3,16.01,2443.8,166.06,545.97,5.0,130.34,10.49,0.1147,13.97
2026-03-30T10:17:24+00:00,1044.0,DESCENT,0.3,15.92,2447.3,166.29,545.87,5.0,130.17,10.72,0.1459,13.97
2026-03-30T10:17:25+00:00,1045.0,DESCENT,0.3,15.91,2440.2,166.24,544.83,5.0,130.09,10.48,0.1363,14.01
2026-03-30T10:17:26+00:00,1046.0,DESCENT,0.3,15.95,2428.8,166.28,545.01,5.0,130.07,10.43,0.1193,13.97
2026-03-30T10:17:27+00:00,1047.0,DESCENT,0.3,16.05,2429.7,166.51,544.33,5.0,130.08,10.64,0.1229,13.95
2026-03-30T10:17:28+00:00,1048.0,DESCENT,0.3,15.9,2435.7,166.39,544.92,5.0,130.02,10.43,0.1199,13.97
2026-03-30T10:17:29+00:00,1049.0,DESCENT,0.3,16.04,2448.5,166.03,544.93,5.0,130.06,10.56,0.1196,13.91
2026-03-30T10:17:30+00:00,1050.0,DESCENT,0.3,15.88,2437.5,166.09,544.01,5.0,130.04,10.28,0.1354,13.9
2026-03-30T10:17:31+00:00,1051.0,DESCENT,0.3,15.98,2439.4,166.18,545.71,5.0,130.21,10.63,0.1265,13.99
2026-03-30T10:17:32+00:00,1052.0,DESCENT,0.3,16.01,2446.5,166.1,546.27,5.0,130.18,10.85,0.1551,13.95
2026-03-30T10:17:33+00:00,1053.0,DESCENT,0.3,16.24,2425.7,165.19,545.67,5.0,130.38,10.59,0.1445,13.96
2026-03-30T10:17:34+00:00,1054.0,DESCENT,0.3,15.86,2442.3,164.54,545.85,5.0,130.4,10.76,0.1458,13.99
2026-03-30T10:17:35+00:00,1055.0,DESCENT,0.3,16.15,2433.1,164.14,545.79,5.0,130.03,10.38,0.1378,14.01
2026-03-30T10:17:36+00:00,1056.0,DESCENT,0.3,16.01,2440.5,164.18,544.77,5.0,130.32,10.57,0.1249,13.98
2026-03-30T10:17:37+00:00,1057.0,DESCENT,0.3,16.04,2443.7,163.89,545.18,5.0,130.12,10.4,0.1373,14.02
2026-03-30T10:17:38+00:00,1058.0,DESCENT,0.3,16.01,2452.0,164.07,544.64,5.0,130.25,10.54,0.1262,13.98
2026-03-30T10:17:39+00:00,1059.0,DESCENT,0.3,16.04,2451.9,164.32,543.88,5.0,130.15,10.69,0.1499,13.97
2026-03-30T10:17:40+00:00,1060.0,DESCENT,0.3,15.98,2428.5,164.52,542.47,5.0,130.21,10.5,0.1345,13.97
2026-03-30T10:17:41+00:00,1061.0,DESCENT,0.3,16.15,2429.2,164.72,543.02,5.0,130.01,10.28,0.1328,13.93
2026-03-30T10:17:42+00:00,1062.0,DESCENT,0.3,15.95,2437.0,164.01,544.48,5.0,130.0,10.32,0.1314,13.99
2026-03-30T10:17:43+00:00,1063.0,DESCENT,0.3,16.11,2438.3,163.93,544.07,5.0,129.87,10.32,0.1508,13.89
2026-03-30T10:17:44+00:00,1064.0,DESCENT,0.3,15.94,2444.3,163.42,547.58,5.0,130.01,10.62,0.1129,13.95
2026-03-30T10:17:45+00:00,1065.0,DESCENT,0.3,15.99,2449.9,162.5,548.17,5.0,129.97,10.88,0.1523,13.97
2026-03-30T10:17:46+00:00,1066.0,DESCENT,0.3,15.89,2451.4,162.15,549.05,5.0,130.01,10.78,0.1281,13.94
2026-03-30T10:17:47+00:00,1067.0,DESCENT,0.3,16.05,2445.5,162.47,549.12,5.0,129.59,10.27,0.1133,13.95
2026-03-30T10:17:48+00:00,1068.0,DESCENT,0.3,16.14,2429.5,162.43,550.45,5.0,129.48,10.7,0.1206,14.02
2026-03-30T10:17:49+00:00,1069.0,DESCENT,0.3,15.99,2432.4,163.01,548.18,5.0,129.46,10.64,0.1099,14.0
2026-03-30T10:17:50+00:00,1070.0,DESCENT,0.3,15.98,2440.8,162.84,544.44,5.0,129.4,10.3,0.1378,13.94
2026-03-30T10:17:51+00:00,1071.0,DESCENT,0.3,15.89,2433.1,163.58,544.25,5.0,129.46,10.46,0.1173,13.95
2026-03-30T10:17:52+00:00,1072.0,DESCENT,0.3,15.98,2442.9,163.39,545.37,5.0,129.32,10.71,0.1321,13.93
2026-03-30T10:17:53+00:00,1073.0,DESCENT,0.3,15.84,2450.2,163.15,545.65,5.0,129.24,10.65,0.1439,13.99
2026-03-30T10:17:54+00:00,1074.0,DESCENT,0.3,15.91,2447.6,162.39,546.01,5.0,129.34,10.36,0.1221,13.96
2026-03-30T10:17:55+00:00,1075.0,DESCENT,0.3,16.02,2420.8,162.62,547.53,5.0,128.91,10.55,0.1262,13.91
2026-03-30T10:17:56+00:00,1076.0,DESCENT,0.3,16.13,2421.3,162.19,547.52,5.0,128.92,10.14,0.1138,13.97
2026-03-30T10:17:57+00:00,1077.0,DESCENT,0.3,16.28,2446.9,161.72,548.11,5.0,128.8,10.52,0.1255,13.98
2026-03-30T10:17:58+00:00,1078.0,DESCENT,0.3,15.94,2440.6,162.04,546.32,5.0,128.58,10.7,0.1609,13.99
2026-03-30T10:17:59+00:00,1079.0,DESCENT,0.3,16.14,2425.8,162.29,544.89,5.0,128.56,10.48,0.1389,13.96
2026-03-30T10:18:00+00:00,1080.0,DESCENT,0.3,16.02,2444.0,162.53,547.11,5.0,128.68,10.47,0.1269,13.95
2026-03-30T10:18:01+00:00,1081.0,DESCENT,0.3,15.98,2443.6,162.16,546.87,5.0,128.76,10.68,0.1227,14.02
2026-03-30T10:18:02+00:00,1082.0,DESCENT,0.3,16.04,2452.1,161.93,545.87,5.0,128.67,10.72,0.1298,13.97
2026-03-30T10:18:03+00:00,1083.0,DESCENT,0.3,16.01,2449.8,161.7,545.13,5.0,128.73,10.76,0.1318,13.99
2026-03-30T10:18:04+00:00,1084.0,DESCENT,0.3,16.01,2450.1,161.82,544.58,5.0,128.79,10.7,0.1253,13.95
2026-03-30T10:18:05+00:00,1085.0,DESCENT,0.3,15.96,2449.5,162.24,544.09,5.0,128.71,10.73,0.1366,13.99
2026-03-30T10:18:06+00:00,1086.0,DESCENT,0.3,15.86,2451.9,162.17,543.02,5.0,128.53,10.69,0.1189,13.92
2026-03-30T10:18:07+00:00,1087.0,DESCENT,0.3,15.85,2465.7,162.75,542.01,5.0,128.37,10.67,0.1193,13.95
2026-03-30T10:18:08+00:00,1088.0,DESCENT,0.3,16.07,2462.4,162.89,542.92,5.0,128.44,10.63,0.1351,13.93
2026-03-30T10:18:09+00:00,1089.0,DESCENT,0.3,15.97,2440.2,162.56,543.03,5.0,128.37,10.5,0.116,13.95
2026-03-30T10:18:10+00:00,1090.0,DESCENT,0.3,15.94,2445.1,162.67,545.14,5.0,128.16,10.37,0.1389,14.0
2026-03-30T10:18:11+00:00,1091.0,DESCENT,0.3,16.0,2453.2,163.14,545.71,5.0,127.85,10.44,0.1302,13.95
2026-03-30T10:18:12+00:00,1092.0,DESCENT,0.3,16.08,2457.8,163.7,546.13,5.0,127.93,10.56,0.1086,13.99
2026-03-30T10:18:13+00:00,1093.0,DESCENT,0.3,16.02,2447.1,163.93,545.17,5.0,127.8,10.59,0.1315,14.01
2026-03-30T10:18:14+00:00,1094.0,DESCENT,0.3,15.93,2454.4,163.68,545.22,5.0,127.8,10.8,0.1102,13.96
2026-03-30T10:18:15+00:00,1095.0,DESCENT,0.3,16.12,2456.2,163.35,545.9,5.0,127.94,10.59,0.1388,13.99
2026-03-30T10:18:16+00:00,1096.0,DESCENT,0.3,16.16,2470.3,163.35,546.85,5.0,127.7,10.8,0.1279,13.98
2026-03-30T10:18:17+00:00,1097.0,DESCENT,0.3,16.05,2451.0,163.78,546.48,5.0,127.65,10.73,0.1525,13.97
2026-03-30T10:18:18+00:00,1098.0,DESCENT,0.3,16.1,2443.0,163.71,547.63,5.0,127.59,10.51,0.1429,13.99
2026-03-30T10:18:19+00:00,1099.0,DESCENT,0.3,16.12,2440.5,163.65,547.18,5.0,127.61,10.62,0.1173,14.02
2026-03-30T10:18:20+00:00,1100.0,DESCENT,0.3,16.11,2437.7,163.42,547.78,5.0,127.76,10.49,0.1056,13.95
2026-03-30T10:18:21+00:00,1101.0,DESCENT,0.3,16.06,2433.1,163.06,546.65,5.0,127.52,10.7,0.1207,13.94
2026-03-30T10:18:22+00:00,1102.0,DESCENT,0.3,16.06,2415.8,162.77,544.23,5.0,127.56,10.54,0.1146,13.93
2026-03-30T10:18:23+00:00,1103.0,DESCENT,0.3,16.05,2425.5,162.61,545.0,5.0,127.68,10.3,0.1514,13.99
2026-03-30T10:18:24+00:00,1104.0,DESCENT,0.3,15.89,2436.9,163.08,546.07,5.0,127.61,10.54,0.1297,14.0
2026-03-30T10:18:25+00:00,1105.0,DESCENT,0.3,16.07,2435.9,162.76,546.71,5.0,127.56,10.76,0.141,13.95
2026-03-30T10:18:26+00:00,1106.0,DESCENT,0.3,15.86,2454.8,162.56,546.95,5.0,127.58,10.56,0.127,13.9
2026-03-30T10:18:27+00:00,1107.0,DESCENT,0.3,15.92,2449.1,162.0,546.2,5.0,127.59,10.63,0.1281,13.94
2026-03-30T10:18:28+00:00,1108.0,DESCENT,0.3,16.13,2456.4,162.1,545.21,5.0,127.65,10.67,0.1301,13.98
2026-03-30T10:18:29+00:00,1109.0,DESCENT,0.3,16.08,2451.9,162.45,546.1,5.0,127.69,10.42,0.1436,13.96
2026-03-30T10:18:30+00:00,1110.0,DESCENT,0.3,16.15,2454.1,162.9,546.61,5.0,127.51,10.66,0.1341,13.97
2026-03-30T10:18:31+00:00,1111.0,DESCENT,0.3,15.97,2450.9,162.76,545.73,5.0,127.63,10.36,0.1176,13.95
2026-03-30T10:18:32+00:00,1112.0,DESCENT,0.3,15.88,2457.9,162.78,547.08,5.0,127.77,10.5,0.15,14.0
2026-03-30T10:18:33+00:00,1113.0,DESCENT,0.3,15.98,2451.1,162.5,545.68,5.0,127.77,10.73,0.1268,13.98
2026-03-30T10:18:34+00:00,1114.0,DESCENT,0.3,16.01,2451.1,162.51,545.05,5.0,127.51,10.63,0.1248,13.98
2026-03-30T10:18:35+00:00,1115.0,DESCENT,0.3,16.01,2450.0,162.43,547.26,5.0,127.46,10.52,0.0963,13.97
2026-03-30T10:18:36+00:00,1116.0,DESCENT,0.3,16.11,2444.2,162.25,547.94,5.0,127.46,10.61,0.1377,13.98
2026-03-30T10:18:37+00:00,1117.0,DESCENT,0.3,15.96,2446.8,162.11,546.92,5.0,127.26,10.55,0.1314,13.98
2026-03-30T10:18:38+00:00,1118.0,DESCENT,0.3,16.04,2462.8,162.1,547.01,5.0,127.18,10.62,0.1319,13.94
2026-03-30T10:18:39+00:00,1119.0,DESCENT,0.3,15.9,2450.9,161.79,546.85,5.0,126.95,10.67,0.1255,13.98
2026-03-30T10:18:40+00:00,1120.0,DESCENT,0.3,16.05,2450.4,161.51,543.3,5.0,127.02,10.46,0.1234,13.99
2026-03-30T10:18:41+00:00,1121.0,DESCENT,0.3,16.0,2456.8,162.02,542.96,5.0,127.02,10.6,0.1261,14.0
2026-03-30T10:18:42+00:00,1122.0,DESCENT,0.3,15.93,2459.1,162.92,543.72,5.0,126.76,10.56,0.1361,13.98
2026-03-30T10:18:43+00:00,1123.0,DESCENT,0.3,15.98,2451.3,162.22,543.91,5.0,126.8,10.34,0.138,13.94
2026-03-30T10:18:44+00:00,1124.0,DESCENT,0.3,15.98,2428.1,161.53,544.72,5.0,126.77,10.35,0.1268,13.94
2026-03-30T10:18:45+00:00,1125.0,DESCENT,0.3,15.97,2439.5,160.97,546.39,5.0,126.83,10.76,0.1413,13.95
2026-03-30T10:18:46+00:00,1126.0,DESCENT,0.3,16.18,2423.4,160.78,545.88,5.0,126.76,10.53,0.1285,13.97
2026-03-30T10:18:47+00:00,1127.0,DESCENT,0.3,15.99,2444.6,160.99,544.6,5.0,126.62,10.35,0.1241,13.96
2026-03-30T10:18:48+00:00,1128.0,DESCENT,0.3,15.98,2445.1,161.07,545.34,5.0,126.49,10.32,0.1325,13.93
2026-03-30T10:18:49+00:00,1129.0,DESCENT,0.3,15.79,2452.0,160.98,545.04,5.0,126.4,10.56,0.114,13.93
2026-03-30T10:18:50+00:00,1130.0,DESCENT,0.3,15.91,2440.4,161.03,545.05,5.0,126.4,10.77,0.1328,13.9
2026-03-30T10:18:51+00:00,1131.0,DESCENT,0.3,15.97,2429.2,160.6,544.9,5.0,126.41,10.46,0.1111,13.87
2026-03-30T10:18:52+00:00,1132.0,DESCENT,0.3,15.93,2437.9,160.36,547.83,5.0,126.37,10.72,0.1176,13.96
2026-03-30T10:18:53+00:00,1133.0,DESCENT,0.29,16.27,2418.9,160.2,543.38,5.0,126.3,10.42,0.1047,14.03
2026-03-30T10:18:54+00:00,1134.0,DESCENT,0.28,16.25,2384.4,159.39,541.11,5.0,126.23,10.22,0.1254,14.02
2026-03-30T10:18:55+00:00,1135.0,DESCENT,0.27,16.53,2350.2,158.76,538.73,5.0,126.58,9.74,0.1453,13.93
2026-03-30T10:18:56+00:00,1136.0,DESCENT,0.26,16.54,2333.1,158.13,534.82,5.0,126.43,9.94,0.1237,13.97
2026-03-30T10:18:57+00:00,1137.0,DESCENT,0.25,16.67,2287.8,158.26,532.76,5.0,126.31,9.51,0.1311,13.92
2026-03-30T10:18:58+00:00,1138.0,DESCENT,0.24,16.79,2245.3,158.15,529.9,5.0,126.77,9.46,0.15,13.92
2026-03-30T10:18:59+00:00,1139.0,DESCENT,0.23,16.93,2201.0,158.17,525.54,5.0,126.79,8.98,0.1249,13.93
2026-03-30T10:19:00+00:00,1140.0,LANDING,0.22,17.24,2162.4,157.2,520.94,5.0,126.52,8.93,0.1094,13.95
2026-03-30T10:19:01+00:00,1141.0,LANDING,0.21,16.97,2108.5,156.36,516.4,5.0,126.59,8.71,0.1092,13.96
2026-03-30T10:19:02+00:00,1142.0,LANDING,0.2,17.13,2045.1,156.38,511.86,5.0,126.39,8.36,0.1147,13.97
2026-03-30T10:19:03+00:00,1143.0,LANDING,0.19,17.41,2006.7,155.01,507.42,5.0,126.46,8.25,0.1057,13.98
2026-03-30T10:19:04+00:00,1144.0,LANDING,0.18,17.6,1974.4,155.26,502.87,5.0,126.36,7.98,0.1054,13.95
2026-03-30T10:19:05+00:00,1145.0,LANDING,0.17,17.8,1922.9,154.26,498.88,5.0,126.21,7.7,0.1222,13.96
2026-03-30T10:19:06+00:00,1146.0,LANDING,0.16,17.91,1882.3,154.34,495.33,5.0,126.37,7.86,0.1213,13.93
2026-03-30T10:19:07+00:00,1147.0,LANDING,0.15,17.96,1836.9,153.69,489.11,5.0,126.37,7.58,0.0878,13.92
2026-03-30T10:19:08+00:00,1148.0,LANDING,0.15,18.1,1831.1,153.85,484.9,5.0,126.43,7.29,0.0976,13.91
2026-03-30T10:19:09+00:00,1149.0,LANDING,0.15,18.1,1822.1,154.86,481.03,5.0,126.41,7.46,0.1016,13.98
2026-03-30T10:19:10+00:00,1150.0,LANDING,0.15,18.02,1816.7,153.65,481.36,5.0,126.26,7.25,0.1142,13.95
2026-03-30T10:19:11+00:00,1151.0,LANDING,0.15,18.1,1813.7,153.66,480.88,5.0,126.27,7.18,0.1207,13.9
2026-03-30T10:19:12+00:00,1152.0,LANDING,0.15,18.03,1806.9,152.67,480.8,5.0,126.37,7.49,0.1392,13.96
2026-03-30T10:19:13+00:00,1153.0,LANDING,0.15,17.94,1805.2,152.61,478.4,5.0,126.3,7.07,0.1012,13.92
2026-03-30T10:19:14+00:00,1154.0,LANDING,0.15,18.07,1793.3,152.29,480.55,5.0,126.49,7.44,0.1015,14.01
2026-03-30T10:19:15+00:00,1155.0,LANDING,0.15,18.01,1779.2,152.12,479.18,5.0,126.52,7.22,0.1133,13.94
2026-03-30T10:19:16+00:00,1156.0,LANDING,0.15,18.0,1790.7,151.53,479.14,5.0,126.47,7.26,0.0983,13.98
2026-03-30T10:19:17+00:00,1157.0,LANDING,0.15,18.15,1797.9,151.64,480.01,5.0,126.42,7.37,0.1049,13.99
2026-03-30T10:19:18+00:00,1158.0,LANDING,0.15,17.75,1808.7,150.85,478.3,5.0,126.35,7.43,0.1019,13.93
2026-03-30T10:19:19+00:00,1159.0,LANDING,0.15,17.86,1817.2,151.16,477.65,5.0,126.07,7.24,0.0756,13.96
2026-03-30T10:19:20+00:00,1160.0,LANDING,0.15,17.88,1821.5,150.8,478.08,5.0,125.98,7.48,0.1086,13.97
2026-03-30T10:19:21+00:00,1161.0,LANDING,0.15,17.96,1803.2,150.06,481.59,5.0,125.93,7.34,0.1045,13.96
2026-03-30T10:19:22+00:00,1162.0,LANDING,0.15,17.97,1799.0,150.54,481.04,5.0,125.78,7.12,0.1219,13.97
2026-03-30T10:19:23+00:00,1163.0,LANDING,0.15,17.85,1803.4,150.34,482.17,5.0,125.75,7.3,0.1068,13.92
2026-03-30T10:19:24+00:00,1164.0,LANDING,0.15,17.9,1822.2,150.93,482.55,5.0,125.68,7.59,0.0921,13.97
2026-03-30T10:19:25+00:00,1165.0,LANDING,0.15,17.91,1823.3,151.23,481.83,5.0,125.72,7.63,0.1041,13.94
2026-03-30T10:19:26+00:00,1166.0,LANDING,0.15,18.25,1821.1,150.73,479.79,5.0,125.75,7.48,0.0821,13.97
2026-03-30T10:19:27+00:00,1167.0,LANDING,0.15,18.18,1807.9,150.52,480.74,5.0,125.7,7.16,0.0923,13.99
2026-03-30T10:19:28+00:00,1168.0,LANDING,0.15,17.96,1797.1,150.4,478.26,5.0,125.43,7.38,0.1142,13.98
2026-03-30T10:19:29+00:00,1169.0,LANDING,0.15,17.96,1805.0,150.85,480.22,5.0,125.63,7.46,0.1038,13.97
2026-03-30T10:19:30+00:00,1170.0,LANDING,0.15,17.89,1793.9,150.84,479.89,5.0,125.54,7.41,0.1176,13.98
2026-03-30T10:19:31+00:00,1171.0,LANDING,0.15,17.81,1795.1,150.73,476.22,5.0,125.45,7.42,0.0829,13.98
2026-03-30T10:19:32+00:00,1172.0,LANDING,0.15,17.99,1796.7,150.48,476.42,5.0,125.34,7.36,0.1037,14.0
2026-03-30T10:19:33+00:00,1173.0,LANDING,0.15,17.9,1811.2,150.29,477.75,5.0,125.2,7.34,0.1012,13.96
2026-03-30T10:19:34+00:00,1174.0,LANDING,0.15,17.99,1803.0,150.65,477.65,5.0,125.37,7.23,0.1182,13.96
2026-03-30T10:19:35+00:00,1175.0,LANDING,0.15,17.84,1782.2,150.48,478.64,5.0,125.51,6.98,0.1143,13.99
2026-03-30T10:19:36+00:00,1176.0,LANDING,0.15,17.92,1795.0,150.16,477.52,5.0,125.51,7.35,0.1143,13.94
2026-03-30T10:19:37+00:00,1177.0,LANDING,0.15,18.01,1792.0,149.78,476.19,5.0,125.43,7.32,0.125,13.92
2026-03-30T10:19:38+00:00,1178.0,LANDING,0.15,18.04,1796.4,149.41,476.74,5.0,125.46,7.39,0.1022,13.97
2026-03-30T10:19:39+00:00,1179.0,LANDING,0.15,18.04,1797.6,148.72,477.26,5.0,125.4,7.11,0.1226,13.95
2026-03-30T10:19:40+00:00,1180.0,LANDING,0.15,17.87,1796.7,148.31,477.11,5.0,125.31,7.4,0.0941,13.92
2026-03-30T10:19:41+00:00,1181.0,LANDING,0.15,18.09,1804.8,148.81,478.99,5.0,125.3,7.64,0.0938,13.97
2026-03-30T10:19:42+00:00,1182.0,LANDING,0.15,17.92,1790.3,148.61,477.76,5.0,125.17,7.3,0.1155,14.0
2026-03-30T10:19:43+00:00,1183.0,LANDING,0.15,18.06,1791.0,148.78,478.32,5.0,125.15,7.28,0.0884,13.91
2026-03-30T10:19:44+00:00,1184.0,LANDING,0.15,18.0,1801.0,147.68,478.43,5.0,125.11,7.36,0.1136,13.99
2026-03-30T10:19:45+00:00,1185.0,LANDING,0.15,17.86,1795.7,147.82,476.5,5.0,125.14,7.61,0.1078,13.88
2026-03-30T10:19:46+00:00,1186.0,LANDING,0.15,17.97,1785.1,147.67,475.42,5.0,124.99,7.12,0.1192,13.95
2026-03-30T10:19:47+00:00,1187.0,LANDING,0.15,18.04,1797.8,147.4,476.29,5.0,125.04,7.34,0.1059,14.01
2026-03-30T10:19:48+00:00,1188.0,LANDING,0.15,18.06,1808.0,147.41,479.3,5.0,124.84,7.22,0.1075,13.95
2026-03-30T10:19:49+00:00,1189.0,LANDING,0.15,17.99,1803.9,147.14,479.74,5.0,124.7,7.24,0.1129,13.96
2026-03-30T10:19:50+00:00,1190.0,LANDING,0.15,18.15,1786.4,146.23,477.32,5.0,124.57,7.27,0.0984,13.98
2026-03-30T10:19:51+00:00,1191.0,LANDING,0.15,18.1,1798.8,146.56,473.92,5.0,124.36,7.51,0.0982,13.91
2026-03-30T10:19:52+00:00,1192.0,LANDING,0.15,17.97,1786.2,146.61,476.04,5.0,124.46,7.55,0.112,13.96
2026-03-30T10:19:53+00:00,1193.0,LANDING,0.14,18.08,1775.1,146.42,475.33,5.0,124.26,7.25,0.1053,13.96
2026-03-30T10:19:54+00:00,1194.0,LANDING,0.13,18.19,1739.5,145.95,475.04,5.0,124.1,6.97,0.0996,14.01
2026-03-30T10:19:55+00:00,1195.0,LANDING,0.12,18.2,1698.8,145.26,471.09,5.0,124.22,7.24,0.1022,13.92
2026-03-30T10:19:56+00:00,1196.0,LANDING,0.11,17.88,1663.5,145.24,468.32,5.0,124.07,6.65,0.1212,13.94
2026-03-30T10:19:57+00:00,1197.0,LANDING,0.1,17.91,1627.3,145.75,465.63,5.0,123.97,6.48,0.0956,13.93
2026-03-30T10:19:58+00:00,1198.0,LANDING,0.09,18.15,1585.1,145.66,460.91,5.0,123.74,6.14,0.094,13.92
2026-03-30T10:19:59+00:00,1199.0,LANDING,0.08,17.89,1553.4,144.91,456.17,5.0,123.79,6.48,0.0781,13.99
