timestamp,timestamp_sec,mission_phase,throttle,ambient_temperature,RPM,CHT,EGT,oil_pressure,oil_temperature,fuel_flow,vibration,battery_voltage
2026-03-30T10:00:00+00:00,0.0,STARTUP,0.0533,18.03,281.4,45.33,149.39,9.62,33.44,3.48,0.0769,11.7
2026-03-30T10:00:01+00:00,1.0,STARTUP,0.06,17.9,452.0,47.79,232.0,15.88,33.81,3.98,0.0976,11.72
2026-03-30T10:00:02+00:00,2.0,STARTUP,0.0667,18.08,566.3,49.98,287.72,19.94,34.32,4.09,0.08,11.73
2026-03-30T10:00:03+00:00,3.0,STARTUP,0.0733,18.09,640.3,52.52,332.02,22.48,34.8,4.1,0.0931,11.7
2026-03-30T10:00:04+00:00,4.0,STARTUP,0.08,17.8,693.3,54.43,362.92,24.01,34.75,4.19,0.0884,11.73
2026-03-30T10:00:05+00:00,5.0,STARTUP,0.0867,17.87,739.8,55.95,386.87,24.99,35.23,4.18,0.0959,11.72
2026-03-30T10:00:06+00:00,6.0,STARTUP,0.0933,18.01,782.9,58.78,402.05,26.23,35.48,4.58,0.089,11.73
2026-03-30T10:00:07+00:00,7.0,STARTUP,0.1,17.97,823.1,60.5,417.54,26.95,35.68,4.58,0.0684,13.98
2026-03-30T10:00:08+00:00,8.0,STARTUP,0.1,18.0,888.5,62.2,427.95,27.2,36.07,4.42,0.1011,14.0
2026-03-30T10:00:09+00:00,9.0,STARTUP,0.1,17.91,925.7,64.04,434.45,27.64,36.54,4.78,0.0884,13.95
2026-03-30T10:00:10+00:00,10.0,STARTUP,0.1,18.09,968.9,65.89,440.06,27.93,36.71,4.82,0.0995,13.92
2026-03-30T10:00:11+00:00,11.0,STARTUP,0.1,18.08,999.6,67.51,442.44,27.98,37.23,5.27,0.0987,13.97
2026-03-30T10:00:12+00:00,12.0,STARTUP,0.1,18.01,1037.2,69.23,444.41,28.44,37.76,4.86,0.0816,13.98
2026-03-30T10:00:13+00:00,13.0,STARTUP,0.1,18.11,1071.8,70.89,446.05,28.67,38.18,4.98,0.0803,14.0
2026-03-30T10:00:14+00:00,14.0,STARTUP,0.1,18.05,1093.5,72.59,445.58,28.72,38.46,5.41,0.0995,13.99
2026-03-30T10:00:15+00:00,15.0,STARTUP,0.1,17.91,1325.1,73.22,448.84,29.25,38.73,6.01,0.0916,14.01
2026-03-30T10:00:16+00:00,16.0,STARTUP,0.1,18.04,1440.6,75.53,451.82,29.85,39.29,5.98,0.1085,13.97
2026-03-30T10:00:17+00:00,17.0,STARTUP,0.1,17.9,1496.3,76.97,451.72,30.66,39.47,6.13,0.0961,13.96
2026-03-30T10:00:18+00:00,18.0,STARTUP,0.1,18.09,1533.4,78.66,453.04,31.33,40.05,6.42,0.1113,13.91
2026-03-30T10:00:19+00:00,19.0,STARTUP,0.1,18.0,1572.6,79.51,453.29,31.64,40.43,6.07,0.1049,13.96
2026-03-30T10:00:20+00:00,20.0,STARTUP,0.1,17.98,1581.7,80.7,454.19,32.23,40.82,6.17,0.1034,13.94
2026-03-30T10:00:21+00:00,21.0,STARTUP,0.1,17.93,1597.1,81.78,453.69,32.45,40.96,6.44,0.0958,13.96
2026-03-30T10:00:22+00:00,22.0,STARTUP,0.1,18.12,1598.0,83.69,453.1,32.75,41.35,6.72,0.1031,13.96
2026-03-30T10:00:23+00:00,23.0,STARTUP,0.1,17.98,1601.4,84.72,454.95,32.75,41.85,6.43,0.1147,13.97
2026-03-30T10:00:24+00:00,24.0,STARTUP,0.1,17.96,1589.7,86.26,454.91,32.57,42.05,6.48,0.0995,13.95
2026-03-30T10:00:25+00:00,25.0,STARTUP,0.1,17.96,1595.1,87.19,457.4,32.7,42.52,6.65,0.1066,13.98
2026-03-30T10:00:26+00:00,26.0,STARTUP,0.1,18.05,1599.5,88.17,456.85,32.44,42.93,6.81,0.1009,13.87
2026-03-30T10:00:27+00:00,27.0,STARTUP,0.1,18.04,1591.3,89.21,455.27,32.72,43.23,6.39,0.1016,13.96
2026-03-30T10:00:28+00:00,28.0,STARTUP,0.1,18.04,1596.2,90.84,456.73,32.53,43.76,6.48,0.1209,13.99
2026-03-30T10:00:29+00:00,29.0,STARTUP,0.1,18.04,1598.8,91.15,457.07,32.88,43.82,6.76,0.1147,14.01
2026-03-30T10:00:30+00:00,30.0,STARTUP,0.1,18.21,1591.1,91.68,457.47,32.77,44.26,6.24,0.1011,13.98
2026-03-30T10:00:31+00:00,31.0,STARTUP,0.1,17.96,1582.7,91.94,458.21,33.02,44.89,6.6,0.1025,14.01
2026-03-30T10:00:32+00:00,32.0,STARTUP,0.1,17.95,1577.8,92.53,456.52,32.62,45.48,6.28,0.0915,13.96
2026-03-30T10:00:33+00:00,33.0,STARTUP,0.1,17.92,1585.5,93.22,455.94,32.5,45.91,6.47,0.098,13.96
2026-03-30T10:00:34+00:00,34.0,STARTUP,0.1,18.06,1591.3,93.57,455.53,32.71,46.24,6.44,0.1039,13.97
2026-03-30T10:00:35+00:00,35.0,STARTUP,0.1,18.11,1585.4,94.27,453.9,33.02,46.51,6.31,0.1102,13.95
2026-03-30T10:00:36+00:00,36.0,STARTUP,0.1,17.99,1588.9,94.43,453.93,33.35,46.82,6.32,0.1091,13.93
2026-03-30T10:00:37+00:00,37.0,STARTUP,0.1,17.92,1595.0,94.98,455.86,33.15,47.26,6.52,0.0869,13.94
2026-03-30T10:00:38+00:00,38.0,STARTUP,0.1,17.92,1598.6,96.41,455.93,33.49,47.5,6.64,0.112,13.92
2026-03-30T10:00:39+00:00,39.0,STARTUP,0.1,18.07,1607.9,97.48,454.14,33.19,47.97,6.49,0.0994,13.97
2026-03-30T10:00:40+00:00,40.0,STARTUP,0.1,18.07,1610.4,98.43,452.62,33.36,48.64,6.53,0.0887,13.96
2026-03-30T10:00:41+00:00,41.0,STARTUP,0.1,18.05,1593.5,98.88,455.35,32.91,48.98,6.56,0.1162,13.94
2026-03-30T10:00:42+00:00,42.0,STARTUP,0.1,17.93,1606.3,99.1,455.19,33.01,49.12,6.36,0.118,13.94
2026-03-30T10:00:43+00:00,43.0,STARTUP,0.1,18.02,1595.2,99.47,454.42,32.35,49.25,6.59,0.1034,13.97
2026-03-30T10:00:44+00:00,44.0,STARTUP,0.1,18.01,1602.1,100.28,454.32,32.28,49.71,6.62,0.1089,13.98
2026-03-30T10:00:45+00:00,45.0,STARTUP,0.1,18.02,1597.8,101.42,452.8,32.62,50.04,6.88,0.1095,13.92
2026-03-30T10:00:46+00:00,46.0,STARTUP,0.1,18.09,1591.7,102.55,455.2,32.36,50.51,6.42,0.1169,13.92
2026-03-30T10:00:47+00:00,47.0,STARTUP,0.1,18.02,1577.5,103.53,454.7,32.6,50.76,6.37,0.1086,13.98
2026-03-30T10:00:48+00:00,48.0,STARTUP,0.1,18.07,1583.2,103.95,456.48,32.88,51.22,6.57,0.0841,13.91
2026-03-30T10:00:49+00:00,49.0,STARTUP,0.1,18.01,1575.1,104.65,456.14,32.68,51.52,6.55,0.1239,13.97
2026-03-30T10:00:50+00:00,50.0,STARTUP,0.1,18.03,1591.1,105.2,457.58,32.48,51.73,6.39,0.1129,14.0
2026-03-30T10:00:51+00:00,51.0,STARTUP,0.1,18.06,1603.8,105.78,457.24,32.52,52.0,6.44,0.0943,14.0
2026-03-30T10:00:52+00:00,52.0,STARTUP,0.1,17.85,1591.7,107.23,457.62,32.39,52.14,6.55,0.0878,13.98
2026-03-30T10:00:53+00:00,53.0,STARTUP,0.16,17.93,1716.1,107.28,465.46,32.86,52.79,7.01,0.1112,13.98
2026-03-30T10:00:54+00:00,54.0,STARTUP,0.22,17.89,1895.8,108.09,478.73,33.67,53.16,7.98,0.1084,14.03
2026-03-30T10:00:55+00:00,55.0,STARTUP,0.28,17.84,2114.7,109.6,495.75,34.65,53.66,9.2,0.1237,13.89
2026-03-30T10:00:56+00:00,56.0,STARTUP,0.34,17.84,2365.5,110.15,515.16,36.41,54.02,10.74,0.1382,13.95
2026-03-30T10:00:57+00:00,57.0,STARTUP,0.4,17.98,2616.1,111.17,539.6,37.54,54.33,12.06,0.1329,14.0
2026-03-30T10:00:58+00:00,58.0,STARTUP,0.46,17.71,2888.3,112.33,561.58,39.49,54.79,13.7,0.1382,13.96
2026-03-30T10:00:59+00:00,59.0,STARTUP,0.52,17.86,3140.4,113.74,586.39,40.73,55.49,15.6,0.1683,14.01
2026-03-30T10:01:00+00:00,60.0,TAKEOFF,0.58,17.57,3412.6,114.69,612.02,42.49,55.96,17.89,0.1711,13.98
2026-03-30T10:01:01+00:00,61.0,TAKEOFF,0.64,17.67,3676.8,116.63,638.82,44.54,56.42,20.21,0.1936,13.99
2026-03-30T10:01:02+00:00,62.0,TAKEOFF,0.7,17.68,3950.2,118.68,664.98,46.5,57.06,22.95,0.1914,13.98
2026-03-30T10:01:03+00:00,63.0,TAKEOFF,0.76,17.69,4213.4,120.75,692.55,48.01,57.78,25.5,0.2206,13.97
2026-03-30T10:01:04+00:00,64.0,TAKEOFF,0.82,17.67,4485.0,122.34,719.67,49.89,58.7,28.52,0.2497,13.97
2026-03-30T10:01:05+00:00,65.0,TAKEOFF,0.88,17.65,4757.7,124.4,745.34,51.72,59.46,31.66,0.2668,14.0
2026-03-30T10:01:06+00:00,66.0,TAKEOFF,0.94,17.5,5026.2,126.13,773.53,53.31,60.28,35.04,0.2693,13.97
2026-03-30T10:01:07+00:00,67.0,TAKEOFF,1.0,17.45,5310.7,128.17,800.35,55.33,61.14,38.96,0.2858,14.03
2026-03-30T10:01:08+00:00,68.0,TAKEOFF,1.0,17.59,5456.7,131.13,819.1,57.25,61.72,40.09,0.3101,14.02
2026-03-30T10:01:09+00:00,69.0,TAKEOFF,1.0,17.48,5531.2,133.19,834.88,58.26,62.32,40.62,0.3218,14.03
2026-03-30T10:01:10+00:00,70.0,TAKEOFF,1.0,17.37,5577.0,134.67,846.64,59.03,62.9,40.94,0.3232,13.97
2026-03-30T10:01:11+00:00,71.0,TAKEOFF,1.0,17.39,5599.8,136.65,855.16,59.58,63.45,41.13,0.3138,13.95
2026-03-30T10:01:12+00:00,72.0,TAKEOFF,1.0,17.41,5596.9,137.97,861.31,59.37,64.3,41.22,0.3234,14.0
2026-03-30T10:01:13+00:00,73.0,TAKEOFF,1.0,17.55,5601.4,139.31,862.78,59.74,65.08,41.3,0.3381,14.09
2026-03-30T10:01:14+00:00,74.0,TAKEOFF,1.0,17.51,5595.7,140.67,864.49,59.57,65.82,41.03,0.3222,14.04
2026-03-30T10:01:15+00:00,75.0,TAKEOFF,1.0,17.57,5598.0,142.24,869.75,59.59,66.15,41.19,0.3003,13.98
2026-03-30T10:01:16+00:00,76.0,TAKEOFF,1.0,17.46,5594.2,144.32,869.84,60.28,67.17,40.85,0.322,14.01
2026-03-30T10:01:17+00:00,77.0,TAKEOFF,1.0,17.52,5610.0,146.19,871.95,60.13,67.75,41.32,0.3452,14.02
2026-03-30T10:01:18+00:00,78.0,TAKEOFF,1.0,17.56,5608.0,147.99,871.91,59.92,68.77,41.38,0.3051,13.96
2026-03-30T10:01:19+00:00,79.0,TAKEOFF,1.0,17.47,5602.4,149.09,872.76,60.24,69.25,41.18,0.3205,14.04
2026-03-30T10:01:20+00:00,80.0,TAKEOFF,1.0,17.55,5610.8,150.38,872.56,59.94,69.82,41.56,0.3181,13.99
2026-03-30T10:01:21+00:00,81.0,TAKEOFF,1.0,17.43,5588.2,151.96,873.77,59.82,70.19,40.97,0.3203,14.0
2026-03-30T10:01:22+00:00,82.0,TAKEOFF,1.0,17.46,5577.8,153.13,874.12,60.14,70.93,41.04,0.3207,14.0
2026-03-30T10:01:23+00:00,83.0,TAKEOFF,1.0,17.46,5595.0,154.41,873.69,60.08,71.45,41.15,0.3333,14.03
2026-03-30T10:01:24+00:00,84.0,TAKEOFF,1.0,17.38,5597.9,155.94,872.65,59.66,71.97,41.17,0.3209,13.98
2026-03-30T10:01:25+00:00,85.0,TAKEOFF,1.0,17.55,5600.9,157.12,873.54,59.93,72.44,41.19,0.3354,13.95
2026-03-30T10:01:26+00:00,86.0,TAKEOFF,1.0,17.45,5589.9,158.49,872.35,59.83,73.23,41.13,0.3179,14.01
2026-03-30T10:01:27+00:00,87.0,TAKEOFF,1.0,17.5,5594.6,160.37,873.49,60.27,74.01,41.28,0.3154,13.94
2026-03-30T10:01:28+00:00,88.0,TAKEOFF,1.0,17.55,5613.3,161.49,877.0,60.05,74.95,41.52,0.3129,13.99
2026-03-30T10:01:29+00:00,89.0,TAKEOFF,1.0,17.54,5613.4,163.12,877.98,60.29,75.5,41.31,0.2992,14.04
2026-03-30T10:01:30+00:00,90.0,TAKEOFF,1.0,17.57,5608.2,164.46,877.92,60.56,76.18,41.39,0.3239,14.02
2026-03-30T10:01:31+00:00,91.0,TAKEOFF,1.0,17.49,5600.7,164.95,876.87,60.01,76.63,41.1,0.3447,14.03
2026-03-30T10:01:32+00:00,92.0,TAKEOFF,1.0,17.46,5597.2,165.56,873.88,59.79,77.22,41.29,0.3253,14.02
2026-03-30T10:01:33+00:00,93.0,TAKEOFF,1.0,17.49,5581.5,166.28,872.47,59.73,77.77,40.93,0.3269,14.07
2026-03-30T10:01:34+00:00,94.0,TAKEOFF,1.0,17.33,5592.6,166.95,874.54,59.35,78.47,41.3,0.3145,13.98
2026-03-30T10:01:35+00:00,95.0,TAKEOFF,1.0,17.36,5603.0,167.92,873.56,59.38,79.24,41.56,0.3173,14.01
2026-03-30T10:01:36+00:00,96.0,TAKEOFF,1.0,17.37,5588.9,169.14,872.96,59.19,80.0,41.09,0.331,13.99
2026-03-30T10:01:37+00:00,97.0,TAKEOFF,1.0,17.4,5589.0,170.58,873.17,59.03,80.48,40.78,0.3433,14.03
2026-03-30T10:01:38+00:00,98.0,TAKEOFF,1.0,17.54,5585.1,171.61,872.29,58.94,81.23,40.99,0.3368,14.0
2026-03-30T10:01:39+00:00,99.0,TAKEOFF,1.0,17.41,5584.6,172.3,871.42,58.85,81.82,41.25,0.3286,14.05
2026-03-30T10:01:40+00:00,100.0,TAKEOFF,1.0,17.46,5592.5,172.32,872.23,58.8,82.35,41.22,0.3199,13.98
2026-03-30T10:01:41+00:00,101.0,TAKEOFF,1.0,17.63,5579.5,173.21,871.84,58.52,82.83,41.06,0.3211,14.04
2026-03-30T10:01:42+00:00,102.0,TAKEOFF,1.0,17.46,5594.4,174.04,871.71,58.36,83.32,41.3,0.3106,14.02
2026-03-30T10:01:43+00:00,103.0,TAKEOFF,1.0,17.57,5603.1,174.92,871.62,58.33,84.16,41.3,0.3028,14.0
2026-03-30T10:01:44+00:00,104.0,TAKEOFF,1.0,17.41,5599.6,176.54,873.06,58.29,84.77,41.38,0.3065,14.02
2026-03-30T10:01:45+00:00,105.0,TAKEOFF,1.0,17.48,5580.0,177.77,873.18,58.06,85.35,41.17,0.3192,14.01
2026-03-30T10:01:46+00:00,106.0,TAKEOFF,1.0,17.4,5581.7,178.79,873.3,58.09,85.87,41.27,0.3152,14.01
2026-03-30T10:01:47+00:00,107.0,TAKEOFF,1.0,17.47,5600.5,179.07,874.38,57.55,86.79,41.26,0.3024,13.99
2026-03-30T10:01:48+00:00,108.0,TAKEOFF,1.0,17.58,5578.0,179.53,874.26,57.39,87.52,41.15,0.318,13.98
2026-03-30T10:01:49+00:00,109.0,TAKEOFF,1.0,17.33,5585.9,180.14,873.94,57.39,87.94,41.03,0.3152,13.99
2026-03-30T10:01:50+00:00,110.0,TAKEOFF,1.0,17.54,5583.3,180.47,874.68,57.21,88.42,40.97,0.3047,13.95
2026-03-30T10:01:51+00:00,111.0,TAKEOFF,1.0,17.52,5597.9,181.29,875.46,57.72,88.91,41.44,0.3154,14.03
2026-03-30T10:01:52+00:00,112.0,TAKEOFF,1.0,17.44,5593.5,182.03,875.01,57.58,89.45,41.18,0.3157,13.96
2026-03-30T10:01:53+00:00,113.0,TAKEOFF,0.99,17.19,5577.4,182.15,873.6,57.47,89.84,40.88,0.3106,13.99
2026-03-30T10:01:54+00:00,114.0,TAKEOFF,0.98,17.17,5548.0,183.15,870.25,57.11,90.4,40.29,0.3266,14.02
2026-03-30T10:01:55+00:00,115.0,TAKEOFF,0.97,16.95,5520.6,183.66,866.39,56.89,91.1,39.71,0.2903,14.02
2026-03-30T10:01:56+00:00,116.0,TAKEOFF,0.96,16.86,5467.8,183.4,864.2,56.3,91.37,39.12,0.2852,13.94
2026-03-30T10:01:57+00:00,117.0,TAKEOFF,0.95,16.67,5422.9,183.79,860.86,56.06,91.65,38.73,0.3056,13.99
2026-03-30T10:01:58+00:00,118.0,TAKEOFF,0.94,16.66,5362.5,184.29,857.13,55.54,92.03,37.88,0.3021,14.01
2026-03-30T10:01:59+00:00,119.0,TAKEOFF,0.93,16.31,5330.5,185.02,852.83,55.27,92.4,37.05,0.3033,14.0
2026-03-30T10:02:00+00:00,120.0,CLIMB,0.92,16.06,5276.1,185.17,848.04,54.34,93.12,36.61,0.2879,14.04
2026-03-30T10:02:01+00:00,121.0,CLIMB,0.91,16.02,5227.4,185.77,844.04,53.97,93.68,36.29,0.2797,13.97
2026-03-30T10:02:02+00:00,122.0,CLIMB,0.9,15.86,5184.3,186.07,840.08,54.24,94.22,35.43,0.2873,13.93
2026-03-30T10:02:03+00:00,123.0,CLIMB,0.89,15.8,5127.5,185.73,835.86,54.06,94.56,34.53,0.278,14.02
2026-03-30T10:02:04+00:00,124.0,CLIMB,0.88,15.58,5090.3,185.34,830.24,53.96,94.89,34.58,0.2991,13.98
2026-03-30T10:02:05+00:00,125.0,CLIMB,0.87,15.37,5054.8,185.95,826.61,53.81,95.03,33.91,0.2739,13.94
2026-03-30T10:02:06+00:00,126.0,CLIMB,0.86,15.31,5008.9,186.55,821.28,53.38,95.51,33.24,0.2738,13.99
2026-03-30T10:02:07+00:00,127.0,CLIMB,0.85,14.88,4947.9,186.75,816.44,52.65,95.92,32.52,0.2998,14.03
2026-03-30T10:02:08+00:00,128.0,CLIMB,0.85,14.94,4928.3,187.42,812.54,51.97,96.45,32.6,0.2666,13.95
2026-03-30T10:02:09+00:00,129.0,CLIMB,0.85,14.91,4925.2,187.89,809.69,52.07,96.75,32.33,0.2754,14.06
2026-03-30T10:02:10+00:00,130.0,CLIMB,0.85,14.96,4902.7,188.2,806.45,51.79,97.06,32.41,0.275,13.97
2026-03-30T10:02:11+00:00,131.0,CLIMB,0.85,14.86,4897.5,187.86,805.81,52.18,97.4,32.29,0.2757,14.0
2026-03-30T10:02:12+00:00,132.0,CLIMB,0.85,15.06,4910.5,188.59,808.01,51.7,97.86,32.34,0.2713,13.96
2026-03-30T10:02:13+00:00,133.0,CLIMB,0.85,14.98,4912.3,188.83,805.7,52.0,97.95,32.34,0.2702,13.99
2026-03-30T10:02:14+00:00,134.0,CLIMB,0.85,14.85,4914.3,188.68,804.54,51.62,98.38,32.3,0.2692,13.99
2026-03-30T10:02:15+00:00,135.0,CLIMB,0.85,14.9,4927.0,188.43,803.13,51.78,98.68,32.58,0.2619,13.95
2026-03-30T10:02:16+00:00,136.0,CLIMB,0.85,15.03,4922.3,188.55,802.1,51.94,98.82,32.26,0.2724,14.08
2026-03-30T10:02:17+00:00,137.0,CLIMB,0.85,15.08,4921.5,187.91,803.82,51.36,98.81,32.14,0.2928,13.98
2026-03-30T10:02:18+00:00,138.0,CLIMB,0.85,15.2,4937.4,188.23,802.46,51.16,99.09,32.59,0.284,13.98
2026-03-30T10:02:19+00:00,139.0,CLIMB,0.85,15.29,4922.2,187.88,801.73,50.83,99.6,32.48,0.2722,14.02
2026-03-30T10:02:20+00:00,140.0,CLIMB,0.85,15.04,4909.8,188.07,799.76,50.51,100.14,32.37,0.278,14.05
2026-03-30T10:02:21+00:00,141.0,CLIMB,0.85,14.9,4913.2,187.89,799.3,50.77,100.47,32.38,0.2575,14.03
2026-03-30T10:02:22+00:00,142.0,CLIMB,0.85,14.79,4915.0,187.82,797.8,50.68,101.04,32.29,0.2649,13.96
2026-03-30T10:02:23+00:00,143.0,CLIMB,0.85,15.03,4908.2,187.56,799.6,50.65,101.3,32.4,0.279,14.0
2026-03-30T10:02:24+00:00,144.0,CLIMB,0.85,14.92,4900.7,187.54,803.45,50.71,101.7,32.22,0.285,13.94
2026-03-30T10:02:25+00:00,145.0,CLIMB,0.85,14.96,4923.6,188.34,802.45,50.19,101.89,32.32,0.2594,14.02
2026-03-30T10:02:26+00:00,146.0,CLIMB,0.85,14.94,4919.5,188.92,800.17,50.64,102.07,32.32,0.2625,13.94
2026-03-30T10:02:27+00:00,147.0,CLIMB,0.85,14.99,4908.9,189.07,801.61,50.46,102.23,32.59,0.2939,13.97
2026-03-30T10:02:28+00:00,148.0,CLIMB,0.85,15.11,4916.6,189.07,800.74,50.6,102.17,32.09,0.2693,13.99
2026-03-30T10:02:29+00:00,149.0,CLIMB,0.85,15.02,4912.4,189.41,802.51,50.66,102.62,32.39,0.2898,14.01
2026-03-30T10:02:30+00:00,150.0,CLIMB,0.85,14.98,4909.1,189.86,801.87,50.87,102.78,32.04,0.2702,13.98
2026-03-30T10:02:31+00:00,151.0,CLIMB,0.85,14.9,4913.9,189.51,800.97,50.63,102.9,32.31,0.2709,14.04
2026-03-30T10:02:32+00:00,152.0,CLIMB,0.85,14.83,4901.5,189.46,800.82,49.94,102.97,32.17,0.2636,14.01
2026-03-30T10:02:33+00:00,153.0,CLIMB,0.85,14.95,4908.3,188.73,801.89,50.07,103.18,31.97,0.279,14.01
2026-03-30T10:02:34+00:00,154.0,CLIMB,0.85,14.99,4924.3,189.19,801.52,50.19,103.68,32.46,0.2849,13.96
2026-03-30T10:02:35+00:00,155.0,CLIMB,0.85,15.18,4921.0,190.02,800.99,49.91,104.24,32.32,0.256,14.04
2026-03-30T10:02:36+00:00,156.0,CLIMB,0.85,15.01,4912.5,190.03,800.89,50.01,104.21,32.0,0.2637,13.97
2026-03-30T10:02:37+00:00,157.0,CLIMB,0.85,15.1,4907.1,189.16,799.55,49.92,104.39,32.4,0.2785,14.04
2026-03-30T10:02:38+00:00,158.0,CLIMB,0.85,14.95,4905.1,189.41,800.55,49.61,104.46,32.48,0.2659,14.05
2026-03-30T10:02:39+00:00,159.0,CLIMB,0.85,14.88,4905.3,189.04,798.61,49.9,104.82,32.49,0.2615,14.01
2026-03-30T10:02:40+00:00,160.0,CLIMB,0.85,14.9,4904.4,188.78,798.84,49.74,105.08,32.31,0.2795,14.02
2026-03-30T10:02:41+00:00,161.0,CLIMB,0.85,14.93,4914.3,189.04,800.48,49.71,105.2,32.34,0.2813,13.9
2026-03-30T10:02:42+00:00,162.0,CLIMB,0.85,15.21,4898.2,189.15,801.17,49.61,105.42,32.41,0.2616,13.99
2026-03-30T10:02:43+00:00,163.0,CLIMB,0.85,14.92,4910.7,188.96,801.94,50.0,105.56,32.55,0.2703,14.03
2026-03-30T10:02:44+00:00,164.0,CLIMB,0.85,15.08,4907.2,188.71,801.75,49.88,106.01,32.45,0.2531,14.02
2026-03-30T10:02:45+00:00,165.0,CLIMB,0.85,14.91,4911.5,188.77,803.04,49.83,106.29,32.17,0.2571,13.96
2026-03-30T10:02:46+00:00,166.0,CLIMB,0.85,15.09,4901.6,188.63,803.72,49.62,106.58,32.26,0.2687,13.98
2026-03-30T10:02:47+00:00,167.0,CLIMB,0.85,15.04,4916.2,188.2,803.64,49.77,106.37,32.41,0.2685,13.92
2026-03-30T10:02:48+00:00,168.0,CLIMB,0.85,14.98,4923.0,188.1,804.15,50.09,106.55,32.12,0.257,14.0
2026-03-30T10:02:49+00:00,169.0,CLIMB,0.85,15.0,4924.2,188.26,804.31,50.08,107.06,32.47,0.2601,13.94
2026-03-30T10:02:50+00:00,170.0,CLIMB,0.85,14.93,4905.1,188.22,802.95,50.0,107.44,32.6,0.2547,14.03
2026-03-30T10:02:51+00:00,171.0,CLIMB,0.85,15.04,4914.0,187.68,800.93,49.96,107.33,32.42,0.2735,14.03
2026-03-30T10:02:52+00:00,172.0,CLIMB,0.85,14.95,4915.1,188.12,801.58,49.44,107.47,32.56,0.2445,13.98
2026-03-30T10:02:53+00:00,173.0,CLIMB,0.85,14.88,4899.7,187.06,802.14,49.21,107.46,32.25,0.255,14.01
2026-03-30T10:02:54+00:00,174.0,CLIMB,0.85,14.87,4904.4,186.94,803.2,49.22,107.89,32.24,0.245,13.99
2026-03-30T10:02:55+00:00,175.0,CLIMB,0.85,15.02,4909.9,186.76,801.59,49.09,108.09,32.35,0.2728,14.0
2026-03-30T10:02:56+00:00,176.0,CLIMB,0.85,15.16,4914.3,186.89,800.53,48.94,108.14,32.21,0.2464,13.96
2026-03-30T10:02:57+00:00,177.0,CLIMB,0.85,15.02,4913.5,187.18,801.36,48.63,108.31,32.18,0.2683,14.01
2026-03-30T10:02:58+00:00,178.0,CLIMB,0.85,14.99,4914.0,187.69,801.3,48.59,108.08,32.52,0.2877,13.94
2026-03-30T10:02:59+00:00,179.0,CLIMB,0.85,15.03,4923.7,187.45,799.12,48.87,108.08,32.6,0.2887,13.94
2026-03-30T10:03:00+00:00,180.0,CLIMB,0.85,15.13,4926.7,187.74,800.3,49.08,108.25,32.27,0.2471,13.99
2026-03-30T10:03:01+00:00,181.0,CLIMB,0.85,15.02,4895.5,187.86,798.39,48.92,108.54,32.33,0.2704,13.99
2026-03-30T10:03:02+00:00,182.0,CLIMB,0.85,14.96,4899.9,187.21,798.1,49.06,108.41,32.21,0.2553,14.0
2026-03-30T10:03:03+00:00,183.0,CLIMB,0.85,15.11,4903.4,188.03,800.7,49.02,108.52,32.3,0.253,13.97
2026-03-30T10:03:04+00:00,184.0,CLIMB,0.85,15.04,4892.4,187.49,803.09,49.33,108.83,32.24,0.2653,14.05
2026-03-30T10:03:05+00:00,185.0,CLIMB,0.85,15.15,4901.6,187.71,801.21,49.23,108.77,32.38,0.282,14.0
2026-03-30T10:03:06+00:00,186.0,CLIMB,0.85,15.02,4915.6,187.91,800.9,49.41,108.96,32.35,0.2753,14.0
2026-03-30T10:03:07+00:00,187.0,CLIMB,0.85,14.88,4904.0,188.06,801.06,49.35,109.12,32.46,0.2588,14.0
2026-03-30T10:03:08+00:00,188.0,CLIMB,0.85,14.86,4909.5,187.89,803.26,48.9,109.53,32.34,0.2762,14.02
2026-03-30T10:03:09+00:00,189.0,CLIMB,0.85,15.17,4902.3,188.27,802.2,48.93,109.64,32.33,0.2403,14.01
2026-03-30T10:03:10+00:00,190.0,CLIMB,0.85,15.17,4900.5,187.67,801.46,48.65,109.76,32.1,0.2581,14.01
2026-03-30T10:03:11+00:00,191.0,CLIMB,0.85,14.98,4916.8,187.69,803.33,48.78,110.03,32.67,0.2583,14.01
2026-03-30T10:03:12+00:00,192.0,CLIMB,0.85,14.96,4909.0,187.51,802.33,48.69,109.97,32.36,0.2686,13.94
2026-03-30T10:03:13+00:00,193.0,CLIMB,0.85,15.15,4913.1,187.29,803.01,48.92,110.08,32.43,0.2655,13.94
2026-03-30T10:03:14+00:00,194.0,CLIMB,0.85,14.89,4896.5,187.52,800.73,48.57,110.15,31.96,0.2652,13.99
2026-03-30T10:03:15+00:00,195.0,CLIMB,0.85,14.91,4917.8,187.99,800.72,48.75,110.26,32.23,0.2661,13.99
2026-03-30T10:03:16+00:00,196.0,CLIMB,0.85,15.06,4918.7,187.89,798.97,48.99,110.53,32.55,0.2686,14.01
2026-03-30T10:03:17+00:00,197.0,CLIMB,0.85,14.96,4912.9,188.24,798.4,49.18,110.74,32.36,0.2744,13.99
2026-03-30T10:03:18+00:00,198.0,CLIMB,0.85,15.0,4916.0,188.29,800.29,48.89,110.76,32.05,0.2699,14.01
2026-03-30T10:03:19+00:00,199.0,CLIMB,0.85,14.98,4901.6,187.96,800.54,48.86,110.91,32.39,0.2638,13.96
2026-03-30T10:03:20+00:00,200.0,CLIMB,0.85,15.03,4915.0,187.89,800.44,48.89,111.26,32.25,0.2729,13.99
2026-03-30T10:03:21+00:00,201.0,CLIMB,0.85,15.14,4909.9,187.82,799.88,49.24,111.26,32.51,0.2777,13.95
2026-03-30T10:03:22+00:00,202.0,CLIMB,0.85,15.01,4908.2,187.58,800.06,48.68,111.4,32.27,0.261,14.0
2026-03-30T10:03:23+00:00,203.0,CLIMB,0.85,15.06,4905.0,187.8,800.83,48.46,111.49,32.29,0.2667,13.94
2026-03-30T10:03:24+00:00,204.0,CLIMB,0.85,14.79,4902.7,187.93,802.11,49.25,111.6,32.42,0.2812,14.0
2026-03-30T10:03:25+00:00,205.0,CLIMB,0.85,15.0,4911.7,187.33,798.77,48.99,111.47,32.17,0.2546,13.95
2026-03-30T10:03:26+00:00,206.0,CLIMB,0.85,14.92,4912.8,186.72,798.51,48.41,111.8,32.17,0.2896,13.98
2026-03-30T10:03:27+00:00,207.0,CLIMB,0.85,14.88,4916.5,186.96,799.51,48.39,111.79,32.32,0.2521,14.02
2026-03-30T10:03:28+00:00,208.0,CLIMB,0.85,14.91,4913.1,186.7,799.92,47.81,112.05,32.44,0.2638,14.0
2026-03-30T10:03:29+00:00,209.0,CLIMB,0.85,14.97,4915.6,186.89,800.84,48.21,112.07,32.14,0.2567,13.94
2026-03-30T10:03:30+00:00,210.0,CLIMB,0.85,15.09,4909.4,187.27,801.37,48.58,112.08,32.04,0.294,13.97
2026-03-30T10:03:31+00:00,211.0,CLIMB,0.85,14.87,4927.4,186.81,801.01,48.41,112.37,32.55,0.2628,13.95
2026-03-30T10:03:32+00:00,212.0,CLIMB,0.85,15.0,4906.3,186.32,800.5,48.33,112.62,32.18,0.2615,13.94
2026-03-30T10:03:33+00:00,213.0,CLIMB,0.85,14.95,4918.0,187.07,800.48,48.66,112.75,32.3,0.2638,14.0
2026-03-30T10:03:34+00:00,214.0,CLIMB,0.85,14.97,4924.9,187.27,802.15,48.19,112.96,32.13,0.2698,14.01
2026-03-30T10:03:35+00:00,215.0,CLIMB,0.85,15.1,4910.7,187.16,801.11,47.98,113.02,32.2,0.2639,14.01
2026-03-30T10:03:36+00:00,216.0,CLIMB,0.85,15.05,4928.1,186.84,801.18,48.16,113.11,32.43,0.2673,14.01
2026-03-30T10:03:37+00:00,217.0,CLIMB,0.85,15.13,4927.1,186.71,801.56,48.13,113.1,32.56,0.2265,13.99
2026-03-30T10:03:38+00:00,218.0,CLIMB,0.85,14.98,4926.4,186.3,803.42,48.22,113.33,32.3,0.2695,13.98
2026-03-30T10:03:39+00:00,219.0,CLIMB,0.85,14.93,4918.5,186.74,802.5,48.0,113.31,32.61,0.2685,13.96
2026-03-30T10:03:40+00:00,220.0,CLIMB,0.85,14.98,4912.5,186.5,803.35,48.21,113.62,32.21,0.2804,13.98
2026-03-30T10:03:41+00:00,221.0,CLIMB,0.85,15.02,4909.5,187.01,804.3,48.23,113.66,32.19,0.2834,13.95
2026-03-30T10:03:42+00:00,222.0,CLIMB,0.85,15.02,4912.7,186.92,803.43,48.42,113.75,32.55,0.2657,13.97
2026-03-30T10:03:43+00:00,223.0,CLIMB,0.85,14.89,4922.5,186.56,802.6,48.46,113.94,32.42,0.2783,14.0
2026-03-30T10:03:44+00:00,224.0,CLIMB,0.85,15.01,4917.7,186.47,801.9,48.47,114.03,32.27,0.255,13.99
2026-03-30T10:03:45+00:00,225.0,CLIMB,0.85,15.02,4906.5,185.5,801.47,48.02,114.06,32.25,0.2767,14.08
2026-03-30T10:03:46+00:00,226.0,CLIMB,0.85,15.25,4914.7,185.56,802.59,48.26,114.13,32.53,0.2612,13.95
2026-03-30T10:03:47+00:00,227.0,CLIMB,0.85,15.19,4919.6,185.6,802.62,48.19,114.34,32.59,0.2541,13.99
2026-03-30T10:03:48+00:00,228.0,CLIMB,0.85,14.91,4920.1,186.03,802.56,48.2,114.31,32.25,0.2662,13.95
2026-03-30T10:03:49+00:00,229.0,CLIMB,0.85,14.97,4921.0,185.37,800.91,48.5,114.36,32.37,0.2852,13.98
2026-03-30T10:03:50+00:00,230.0,CLIMB,0.85,14.85,4913.3,185.94,799.86,48.22,114.43,32.34,0.2701,13.98
2026-03-30T10:03:51+00:00,231.0,CLIMB,0.85,14.94,4904.2,186.36,802.86,48.53,114.64,32.11,0.2853,14.02
2026-03-30T10:03:52+00:00,232.0,CLIMB,0.85,15.03,4899.9,186.94,802.24,48.72,114.69,32.21,0.2581,13.98
2026-03-30T10:03:53+00:00,233.0,CLIMB,0.85,15.12,4891.6,186.99,801.1,48.62,115.03,32.16,0.2792,13.99
2026-03-30T10:03:54+00:00,234.0,CLIMB,0.85,14.93,4902.3,187.46,802.88,48.15,115.08,32.41,0.2594,13.98
2026-03-30T10:03:55+00:00,235.0,CLIMB,0.85,14.93,4905.3,186.92,802.79,47.57,115.1,32.44,0.2702,13.95
2026-03-30T10:03:56+00:00,236.0,CLIMB,0.85,14.79,4903.9,187.26,803.02,48.03,115.14,32.2,0.27,13.97
2026-03-30T10:03:57+00:00,237.0,CLIMB,0.85,14.98,4883.1,187.01,802.36,48.02,115.01,32.07,0.274,13.98
2026-03-30T10:03:58+00:00,238.0,CLIMB,0.85,14.89,4886.1,186.41,801.65,47.81,114.92,32.22,0.2693,13.99
2026-03-30T10:03:59+00:00,239.0,CLIMB,0.85,14.95,4906.6,186.04,801.37,48.22,114.9,32.18,0.2587,14.01
2026-03-30T10:04:00+00:00,240.0,CLIMB,0.85,14.91,4902.8,186.13,799.69,47.94,115.14,32.33,0.2779,13.99
2026-03-30T10:04:01+00:00,241.0,CLIMB,0.85,14.99,4909.0,185.89,800.08,47.89,115.19,32.28,0.2885,13.98
2026-03-30T10:04:02+00:00,242.0,CLIMB,0.85,14.82,4898.3,186.13,800.75,48.07,115.18,32.06,0.26,13.94
2026-03-30T10:04:03+00:00,243.0,CLIMB,0.85,14.85,4915.3,185.49,803.13,47.79,115.42,32.19,0.2461,14.01
2026-03-30T10:04:04+00:00,244.0,CLIMB,0.85,15.21,4911.5,184.75,802.83,47.85,115.71,32.52,0.2738,13.97
2026-03-30T10:04:05+00:00,245.0,CLIMB,0.85,14.87,4912.9,185.43,799.61,48.17,115.94,32.3,0.264,14.01
2026-03-30T10:04:06+00:00,246.0,CLIMB,0.85,14.89,4930.0,185.89,800.01,48.19,115.86,32.69,0.2674,14.03
2026-03-30T10:04:07+00:00,247.0,CLIMB,0.85,15.18,4932.3,185.57,803.81,48.47,115.84,32.38,0.2758,13.99
2026-03-30T10:04:08+00:00,248.0,CLIMB,0.85,15.29,4918.8,185.68,804.3,48.56,116.16,32.41,0.2628,13.96
2026-03-30T10:04:09+00:00,249.0,CLIMB,0.85,14.88,4909.7,186.19,802.48,48.3,116.25,32.65,0.2645,13.99
2026-03-30T10:04:10+00:00,250.0,CLIMB,0.85,14.96,4907.1,186.44,802.88,47.55,116.25,32.12,0.2664,14.0
2026-03-30T10:04:11+00:00,251.0,CLIMB,0.85,15.03,4912.5,186.58,801.61,47.4,116.41,32.03,0.2855,13.98
2026-03-30T10:04:12+00:00,252.0,CLIMB,0.85,15.17,4910.3,187.1,800.0,47.76,116.61,32.49,0.2681,13.98
2026-03-30T10:04:13+00:00,253.0,CLIMB,0.85,14.9,4906.9,186.86,799.96,47.4,116.56,32.15,0.2527,14.01
2026-03-30T10:04:14+00:00,254.0,CLIMB,0.85,14.98,4920.0,186.94,800.5,47.51,116.64,32.37,0.254,14.01
2026-03-30T10:04:15+00:00,255.0,CLIMB,0.85,15.08,4914.1,187.0,798.56,47.71,116.82,32.24,0.2697,13.98
2026-03-30T10:04:16+00:00,256.0,CLIMB,0.85,15.04,4930.4,186.95,798.05,48.18,116.69,32.49,0.2555,13.94
2026-03-30T10:04:17+00:00,257.0,CLIMB,0.85,14.96,4921.1,186.86,799.04,47.92,116.73,32.24,0.2497,14.01
2026-03-30T10:04:18+00:00,258.0,CLIMB,0.85,14.99,4929.8,186.96,799.26,47.77,116.6,32.42,0.2766,13.97
2026-03-30T10:04:19+00:00,259.0,CLIMB,0.85,14.86,4922.9,187.03,800.33,47.82,116.5,32.46,0.2768,14.0
2026-03-30T10:04:20+00:00,260.0,CLIMB,0.85,14.98,4924.2,186.67,799.21,47.96,116.46,32.25,0.2642,14.0
2026-03-30T10:04:21+00:00,261.0,CLIMB,0.85,14.97,4911.4,187.07,800.7,47.88,116.57,32.2,0.2714,13.94
2026-03-30T10:04:22+00:00,262.0,CLIMB,0.85,15.02,4903.7,186.74,799.49,48.11,116.57,32.2,0.2696,13.99
2026-03-30T10:04:23+00:00,263.0,CLIMB,0.85,14.94,4910.3,186.72,802.0,47.8,116.51,32.09,0.275,14.01
2026-03-30T10:04:24+00:00,264.0,CLIMB,0.85,15.05,4917.9,186.67,799.82,47.87,116.56,32.29,0.2755,14.01
2026-03-30T10:04:25+00:00,265.0,CLIMB,0.85,15.1,4914.3,186.89,799.02,47.99,116.44,32.35,0.2367,14.0
2026-03-30T10:04:26+00:00,266.0,CLIMB,0.85,15.02,4901.8,186.11,800.2,47.81,116.54,32.18,0.2643,13.93
2026-03-30T10:04:27+00:00,267.0,CLIMB,0.85,15.04,4894.8,186.56,802.54,47.97,116.76,32.14,0.273,14.03
2026-03-30T10:04:28+00:00,268.0,CLIMB,0.85,15.01,4890.6,186.37,802.58,47.89,116.78,32.15,0.2616,14.0
2026-03-30T10:04:29+00:00,269.0,CLIMB,0.85,15.0,4885.8,186.94,802.9,47.99,116.79,32.02,0.2667,13.96
2026-03-30T10:04:30+00:00,270.0,CLIMB,0.85,14.93,4898.3,186.81,802.47,47.92,116.89,32.31,0.276,13.97
2026-03-30T10:04:31+00:00,271.0,CLIMB,0.85,15.03,4912.9,186.86,800.97,47.99,116.62,32.53,0.2689,14.0
2026-03-30T10:04:32+00:00,272.0,CLIMB,0.85,14.99,4911.2,187.69,800.52,47.76,116.75,32.24,0.2859,14.01
2026-03-30T10:04:33+00:00,273.0,CLIMB,0.85,15.21,4892.4,187.63,799.37,47.54,117.26,32.24,0.2802,13.98
2026-03-30T10:04:34+00:00,274.0,CLIMB,0.85,15.16,4899.3,188.18,798.46,47.88,117.28,32.18,0.2657,14.02
2026-03-30T10:04:35+00:00,275.0,CLIMB,0.85,15.04,4903.1,188.22,799.8,47.95,117.3,32.3,0.2649,13.94
2026-03-30T10:04:36+00:00,276.0,CLIMB,0.85,14.92,4923.1,188.42,798.92,47.62,117.45,32.63,0.2344,13.96
2026-03-30T10:04:37+00:00,277.0,CLIMB,0.85,14.89,4904.9,188.46,799.97,47.66,117.73,32.34,0.2635,13.93
2026-03-30T10:04:38+00:00,278.0,CLIMB,0.85,15.12,4904.1,188.83,798.86,47.02,117.91,31.99,0.2511,13.97
2026-03-30T10:04:39+00:00,279.0,CLIMB,0.85,15.03,4920.5,188.57,799.98,47.15,117.61,32.44,0.2711,14.04
2026-03-30T10:04:40+00:00,280.0,CLIMB,0.85,15.05,4918.9,188.19,799.85,47.6,117.73,32.55,0.2701,14.05
2026-03-30T10:04:41+00:00,281.0,CLIMB,0.85,14.83,4918.9,187.96,801.95,47.58,118.15,32.33,0.2767,14.0
2026-03-30T10:04:42+00:00,282.0,CLIMB,0.85,15.09,4915.4,188.04,802.24,47.6,118.26,32.49,0.2848,13.97
2026-03-30T10:04:43+00:00,283.0,CLIMB,0.85,15.05,4915.3,187.99,803.53,46.84,118.11,32.23,0.2678,13.99
2026-03-30T10:04:44+00:00,284.0,CLIMB,0.85,14.89,4918.8,188.3,802.01,47.05,118.18,32.14,0.2957,14.01
2026-03-30T10:04:45+00:00,285.0,CLIMB,0.85,14.95,4907.9,188.85,801.9,47.33,118.02,32.3,0.2704,13.95
2026-03-30T10:04:46+00:00,286.0,CLIMB,0.85,15.03,4915.8,188.47,800.62,47.54,118.23,32.08,0.2524,13.98
2026-03-30T10:04:47+00:00,287.0,CLIMB,0.85,15.01,4901.9,188.2,800.35,47.77,118.11,32.2,0.2605,14.04
2026-03-30T10:04:48+00:00,288.0,CLIMB,0.85,14.97,4908.3,187.66,800.34,47.63,118.14,32.48,0.2632,13.96
2026-03-30T10:04:49+00:00,289.0,CLIMB,0.85,14.99,4910.4,188.51,799.78,47.56,118.04,32.01,0.2749,13.97
2026-03-30T10:04:50+00:00,290.0,CLIMB,0.85,14.97,4905.2,188.66,798.78,47.22,117.99,32.07,0.2561,13.99
2026-03-30T10:04:51+00:00,291.0,CLIMB,0.85,15.02,4907.2,188.87,797.85,47.29,118.24,32.12,0.264,14.0
2026-03-30T10:04:52+00:00,292.0,CLIMB,0.85,15.15,4903.5,188.34,796.1,47.05,118.28,32.24,0.2654,13.97
2026-03-30T10:04:53+00:00,293.0,CLIMB,0.8367,14.54,4868.2,188.33,794.46,46.67,118.21,31.66,0.2592,13.99
2026-03-30T10:04:54+00:00,294.0,CLIMB,0.8233,14.58,4826.2,188.49,793.59,46.53,118.05,31.34,0.2712,14.01
2026-03-30T10:04:55+00:00,295.0,CLIMB,0.81,14.42,4768.9,188.31,788.47,46.96,117.77,30.59,0.2651,14.05
2026-03-30T10:04:56+00:00,296.0,CLIMB,0.7967,14.23,4721.3,188.63,783.28,46.66,117.58,29.92,0.268,13.99
2026-03-30T10:04:57+00:00,297.0,CLIMB,0.7833,13.96,4655.4,189.4,781.48,46.43,117.59,29.14,0.2456,13.99
2026-03-30T10:04:58+00:00,298.0,CLIMB,0.77,13.62,4606.9,188.81,775.42,45.96,117.72,28.58,0.2606,14.03
2026-03-30T10:04:59+00:00,299.0,CLIMB,0.7567,13.63,4537.3,188.17,770.45,45.18,117.61,27.66,0.2252,13.97
2026-03-30T10:05:00+00:00,300.0,CRUISE,0.7433,13.57,4476.9,187.58,765.48,45.22,117.81,27.26,0.2209,13.95
2026-03-30T10:05:01+00:00,301.0,CRUISE,0.73,13.05,4415.9,187.96,760.0,44.31,117.65,26.32,0.219,13.99
2026-03-30T10:05:02+00:00,302.0,CRUISE,0.7167,13.09,4370.7,188.07,751.73,44.05,117.57,26.07,0.2306,14.02
2026-03-30T10:05:03+00:00,303.0,CRUISE,0.7033,12.77,4310.1,187.68,745.48,43.87,117.35,25.49,0.241,14.0
2026-03-30T10:05:04+00:00,304.0,CRUISE,0.69,12.59,4245.2,187.32,737.5,43.65,117.43,24.69,0.2153,13.98
2026-03-30T10:05:05+00:00,305.0,CRUISE,0.6767,12.29,4188.1,186.6,734.8,43.11,117.66,24.05,0.2132,13.94
2026-03-30T10:05:06+00:00,306.0,CRUISE,0.6633,12.17,4108.6,186.55,726.17,42.32,117.31,23.42,0.2116,13.98
2026-03-30T10:05:07+00:00,307.0,CRUISE,0.65,12.13,4055.0,185.97,718.88,41.96,117.16,22.38,0.2177,14.02
2026-03-30T10:05:08+00:00,308.0,CRUISE,0.65,12.06,4043.7,185.44,713.62,41.73,117.26,22.79,0.2046,13.95
2026-03-30T10:05:09+00:00,309.0,CRUISE,0.65,12.17,4023.1,185.28,709.31,41.54,116.95,22.6,0.2028,13.98
2026-03-30T10:05:10+00:00,310.0,CRUISE,0.65,12.12,4011.9,184.81,709.6,41.84,116.94,22.54,0.1925,13.97
2026-03-30T10:05:11+00:00,311.0,CRUISE,0.65,12.04,4010.0,184.33,711.07,41.46,117.03,22.64,0.2017,13.96
2026-03-30T10:05:12+00:00,312.0,CRUISE,0.65,12.17,4011.9,183.96,708.68,41.62,116.94,22.54,0.2228,13.99
2026-03-30T10:05:13+00:00,313.0,CRUISE,0.65,12.04,3989.7,183.92,705.88,41.62,116.93,22.24,0.2086,14.0
2026-03-30T10:05:14+00:00,314.0,CRUISE,0.65,12.08,3980.8,184.22,702.77,41.79,117.1,22.34,0.1982,14.0
2026-03-30T10:05:15+00:00,315.0,CRUISE,0.65,11.97,3991.4,184.08,702.92,41.63,117.29,22.43,0.2224,13.95
2026-03-30T10:05:16+00:00,316.0,CRUISE,0.65,12.01,3989.4,184.04,702.94,41.77,117.18,22.43,0.2005,13.93
2026-03-30T10:05:17+00:00,317.0,CRUISE,0.65,11.93,4004.6,183.59,702.56,41.66,117.0,22.53,0.2253,13.99
2026-03-30T10:05:18+00:00,318.0,CRUISE,0.65,12.1,3999.4,182.96,703.38,41.76,116.76,22.63,0.2249,13.97
2026-03-30T10:05:19+00:00,319.0,CRUISE,0.65,11.88,3983.7,182.88,704.07,41.28,116.81,22.22,0.2079,14.04
2026-03-30T10:05:20+00:00,320.0,CRUISE,0.65,12.08,3981.1,182.62,704.55,40.72,116.51,22.39,0.1891,14.04
2026-03-30T10:05:21+00:00,321.0,CRUISE,0.65,11.98,3967.8,181.72,704.07,41.12,116.38,22.48,0.2339,14.04
2026-03-30T10:05:22+00:00,322.0,CRUISE,0.65,12.12,3981.1,181.3,702.85,41.41,116.29,22.1,0.2117,13.95
2026-03-30T10:05:23+00:00,323.0,CRUISE,0.65,12.08,3988.4,180.98,704.09,41.63,116.12,22.43,0.2036,14.0
2026-03-30T10:05:24+00:00,324.0,CRUISE,0.65,12.18,3990.2,180.5,704.24,41.52,116.07,22.33,0.219,14.01
2026-03-30T10:05:25+00:00,325.0,CRUISE,0.65,12.07,4003.1,180.83,705.38,41.97,116.36,22.44,0.2166,14.01
2026-03-30T10:05:26+00:00,326.0,CRUISE,0.65,11.84,4010.7,180.74,706.02,41.78,116.25,22.41,0.2243,13.97
2026-03-30T10:05:27+00:00,327.0,CRUISE,0.65,11.99,4003.7,181.01,703.86,41.88,116.09,22.47,0.2003,14.02
2026-03-30T10:05:28+00:00,328.0,CRUISE,0.65,11.88,3984.4,180.84,702.22,41.93,116.14,22.66,0.2111,13.98
2026-03-30T10:05:29+00:00,329.0,CRUISE,0.65,11.95,3996.4,180.59,701.91,42.28,116.08,22.27,0.1936,13.99
2026-03-30T10:05:30+00:00,330.0,CRUISE,0.65,12.15,4002.2,179.95,701.4,41.99,116.2,22.31,0.2161,13.94
2026-03-30T10:05:31+00:00,331.0,CRUISE,0.65,12.06,4003.1,179.71,703.19,41.74,116.13,22.3,0.2079,14.0
2026-03-30T10:05:32+00:00,332.0,CRUISE,0.65,11.93,4009.0,179.47,703.94,41.4,115.99,22.79,0.2119,13.97
2026-03-30T10:05:33+00:00,333.0,CRUISE,0.65,11.9,3994.8,178.68,705.35,41.94,115.63,22.38,0.206,14.0
2026-03-30T10:05:34+00:00,334.0,CRUISE,0.65,12.0,4013.0,178.25,705.58,42.06,115.29,22.55,0.2057,13.99
2026-03-30T10:05:35+00:00,335.0,CRUISE,0.65,11.88,3998.5,177.92,705.45,42.13,114.92,22.41,0.1975,13.99
2026-03-30T10:05:36+00:00,336.0,CRUISE,0.65,11.93,4004.8,177.89,706.58,42.86,114.89,22.36,0.2178,13.98
2026-03-30T10:05:37+00:00,337.0,CRUISE,0.65,12.03,3988.5,177.88,706.52,42.58,114.6,22.37,0.2253,14.01
2026-03-30T10:05:38+00:00,338.0,CRUISE,0.65,12.12,3986.2,177.46,706.01,41.98,114.71,22.76,0.2007,13.98
2026-03-30T10:05:39+00:00,339.0,CRUISE,0.65,12.06,4004.6,177.47,707.36,41.96,114.63,22.71,0.2149,13.94
2026-03-30T10:05:40+00:00,340.0,CRUISE,0.65,11.77,3999.8,177.21,706.58,41.74,114.51,22.35,0.2132,14.0
2026-03-30T10:05:41+00:00,341.0,CRUISE,0.65,12.03,4006.2,175.89,705.62,41.79,114.29,22.61,0.2085,13.96
2026-03-30T10:05:42+00:00,342.0,CRUISE,0.65,12.01,4004.6,175.56,704.28,41.81,114.3,22.38,0.19,13.94
2026-03-30T10:05:43+00:00,343.0,CRUISE,0.65,12.04,4001.1,175.86,705.17,41.78,114.1,22.22,0.1925,13.95
2026-03-30T10:05:44+00:00,344.0,CRUISE,0.65,12.16,4011.0,175.06,706.51,41.61,113.87,22.7,0.1992,13.99
2026-03-30T10:05:45+00:00,345.0,CRUISE,0.65,11.79,4003.3,174.99,705.79,42.22,113.96,22.67,0.1825,13.98
2026-03-30T10:05:46+00:00,346.0,CRUISE,0.65,11.94,3987.0,175.51,706.92,42.23,113.94,22.55,0.2243,13.92
2026-03-30T10:05:47+00:00,347.0,CRUISE,0.65,12.06,3986.4,175.08,703.84,42.11,113.82,22.32,0.2118,13.97
2026-03-30T10:05:48+00:00,348.0,CRUISE,0.65,11.84,3997.0,174.97,703.87,42.31,113.84,22.43,0.2075,14.02
2026-03-30T10:05:49+00:00,349.0,CRUISE,0.65,12.15,4001.2,174.34,704.03,42.37,113.76,22.6,0.1818,13.97
2026-03-30T10:05:50+00:00,350.0,CRUISE,0.65,12.04,3987.6,174.9,703.25,42.33,113.73,22.46,0.1855,13.98
2026-03-30T10:05:51+00:00,351.0,CRUISE,0.65,12.08,3987.4,174.76,706.44,42.42,113.53,22.34,0.2074,14.01
2026-03-30T10:05:52+00:00,352.0,CRUISE,0.65,11.94,3988.4,174.67,705.75,42.32,113.77,22.16,0.2311,14.01
2026-03-30T10:05:53+00:00,353.0,CRUISE,0.65,12.08,3990.7,175.11,704.89,42.41,113.6,22.44,0.1992,14.01
2026-03-30T10:05:54+00:00,354.0,CRUISE,0.65,12.11,3983.7,175.27,704.79,42.46,113.76,22.54,0.2176,13.9
2026-03-30T10:05:55+00:00,355.0,CRUISE,0.65,12.02,3986.2,174.8,702.26,42.36,113.65,22.21,0.2016,14.03
2026-03-30T10:05:56+00:00,356.0,CRUISE,0.65,12.02,3986.6,174.44,701.94,42.2,113.69,22.49,0.208,14.0
2026-03-30T10:05:57+00:00,357.0,CRUISE,0.65,12.03,3998.8,174.54,703.82,42.57,113.72,22.52,0.2226,14.06
2026-03-30T10:05:58+00:00,358.0,CRUISE,0.65,11.91,4005.4,174.19,703.21,42.3,113.82,22.62,0.2042,13.96
2026-03-30T10:05:59+00:00,359.0,CRUISE,0.65,11.99,4001.2,173.25,702.55,42.36,113.6,22.61,0.1998,13.93
2026-03-30T10:06:00+00:00,360.0,CRUISE,0.65,11.98,3997.0,173.17,704.64,42.38,113.68,22.35,0.2249,13.98
2026-03-30T10:06:01+00:00,361.0,CRUISE,0.65,12.04,3999.1,172.52,706.19,42.14,113.87,22.23,0.2085,13.97
2026-03-30T10:06:02+00:00,362.0,CRUISE,0.65,12.1,3992.6,173.13,706.32,41.93,113.75,22.35,0.2208,14.0
2026-03-30T10:06:03+00:00,363.0,CRUISE,0.65,11.89,3986.5,173.14,705.17,41.9,113.67,22.53,0.1991,14.01
2026-03-30T10:06:04+00:00,364.0,CRUISE,0.65,11.99,3985.1,172.72,704.64,41.86,113.51,22.31,0.2242,13.98
2026-03-30T10:06:05+00:00,365.0,CRUISE,0.65,12.15,3986.8,172.4,703.63,41.61,113.37,22.29,0.2107,13.98
2026-03-30T10:06:06+00:00,366.0,CRUISE,0.65,11.93,3983.5,171.6,702.6,41.64,113.54,22.1,0.2124,14.0
2026-03-30T10:06:07+00:00,367.0,CRUISE,0.65,11.92,3992.3,171.14,701.82,41.92,113.31,22.69,0.2092,13.97
2026-03-30T10:06:08+00:00,368.0,CRUISE,0.65,12.02,4001.5,171.55,701.82,42.39,113.08,22.61,0.202,13.97
2026-03-30T10:06:09+00:00,369.0,CRUISE,0.65,12.08,3987.6,172.43,701.32,42.44,113.25,22.52,0.2074,14.01
2026-03-30T10:06:10+00:00,370.0,CRUISE,0.65,12.0,3993.4,172.68,700.3,41.7,113.26,22.58,0.2024,14.02
2026-03-30T10:06:11+00:00,371.0,CRUISE,0.65,12.13,3994.4,172.6,701.76,42.05,113.5,22.53,0.2193,14.02
2026-03-30T10:06:12+00:00,372.0,CRUISE,0.65,12.09,3999.4,172.39,702.82,41.98,113.35,22.44,0.2056,13.98
2026-03-30T10:06:13+00:00,373.0,CRUISE,0.65,12.08,3999.1,171.97,705.34,42.2,113.29,22.45,0.19,13.92
2026-03-30T10:06:14+00:00,374.0,CRUISE,0.65,12.06,3987.5,172.77,704.27,42.2,113.11,22.34,0.1872,13.98
2026-03-30T10:06:15+00:00,375.0,CRUISE,0.65,12.23,3983.0,172.65,704.71,42.14,113.06,22.77,0.1865,13.96
2026-03-30T10:06:16+00:00,376.0,CRUISE,0.65,11.98,3991.1,173.45,704.98,42.17,112.72,22.51,0.215,13.98
2026-03-30T10:06:17+00:00,377.0,CRUISE,0.65,11.8,4003.2,173.94,704.44,42.25,112.75,22.43,0.1944,13.96
2026-03-30T10:06:18+00:00,378.0,CRUISE,0.65,12.16,3983.5,173.17,705.35,42.58,112.73,22.45,0.2108,13.98
2026-03-30T10:06:19+00:00,379.0,CRUISE,0.65,11.95,3993.8,172.84,705.99,42.47,112.65,22.29,0.2094,13.95
2026-03-30T10:06:20+00:00,380.0,CRUISE,0.65,12.01,4005.9,172.52,705.94,42.73,112.52,22.74,0.2076,13.94
2026-03-30T10:06:21+00:00,381.0,CRUISE,0.65,12.13,4001.3,172.45,705.25,42.85,112.32,22.39,0.2134,14.02
2026-03-30T10:06:22+00:00,382.0,CRUISE,0.65,11.84,4004.6,172.38,704.53,42.86,112.36,22.58,0.2102,13.95
2026-03-30T10:06:23+00:00,383.0,CRUISE,0.65,11.87,3996.3,173.54,702.8,42.25,112.12,22.61,0.1753,13.98
2026-03-30T10:06:24+00:00,384.0,CRUISE,0.65,11.84,3996.7,173.04,702.23,42.6,112.13,22.51,0.204,14.01
2026-03-30T10:06:25+00:00,385.0,CRUISE,0.65,11.92,3984.9,173.07,702.04,42.37,112.38,22.4,0.2124,14.01
2026-03-30T10:06:26+00:00,386.0,CRUISE,0.65,12.04,3973.0,173.26,701.33,42.48,112.54,22.32,0.2264,14.01
2026-03-30T10:06:27+00:00,387.0,CRUISE,0.65,12.05,3993.2,173.2,702.74,42.2,112.25,22.43,0.2279,13.99
2026-03-30T10:06:28+00:00,388.0,CRUISE,0.65,12.03,3988.2,173.19,704.63,41.98,112.1,22.32,0.1911,14.0
2026-03-30T10:06:29+00:00,389.0,CRUISE,0.65,11.86,3989.8,172.71,703.41,42.64,112.1,22.35,0.2033,14.02
2026-03-30T10:06:30+00:00,390.0,CRUISE,0.65,11.77,3983.2,172.7,703.93,42.29,112.03,22.6,0.1884,14.0
2026-03-30T10:06:31+00:00,391.0,CRUISE,0.65,12.01,3979.7,172.86,702.79,42.62,111.76,22.34,0.2252,13.93
2026-03-30T10:06:32+00:00,392.0,CRUISE,0.65,11.95,3987.7,172.94,702.84,42.58,111.76,22.28,0.2196,13.97
2026-03-30T10:06:33+00:00,393.0,CRUISE,0.65,12.05,3987.4,173.11,702.45,42.42,111.7,22.32,0.2116,14.0
2026-03-30T10:06:34+00:00,394.0,CRUISE,0.65,12.07,3996.1,173.62,703.74,42.43,111.94,22.62,0.2098,13.96
2026-03-30T10:06:35+00:00,395.0,CRUISE,0.65,12.01,4001.2,173.93,703.12,42.14,111.84,22.58,0.2247,14.03
2026-03-30T10:06:36+00:00,396.0,CRUISE,0.65,12.08,4002.7,173.87,704.73,42.28,111.96,22.58,0.2227,13.98
2026-03-30T10:06:37+00:00,397.0,CRUISE,0.65,12.02,4002.8,173.33,704.35,42.12,111.71,22.45,0.2221,13.99
2026-03-30T10:06:38+00:00,398.0,CRUISE,0.65,12.05,4013.6,173.02,703.63,42.23,111.5,22.64,0.2142,14.02
2026-03-30T10:06:39+00:00,399.0,CRUISE,0.65,11.93,3998.0,172.88,702.32,42.59,111.56,22.37,0.2037,13.98
2026-03-30T10:06:40+00:00,400.0,CRUISE,0.65,11.98,3998.1,172.93,703.2,42.63,111.67,22.43,0.2171,13.99
2026-03-30T10:06:41+00:00,401.0,CRUISE,0.65,12.02,4007.6,172.68,704.63,42.26,111.47,22.67,0.2182,14.01
2026-03-30T10:06:42+00:00,402.0,CRUISE,0.65,12.08,4013.6,172.27,704.95,42.64,111.42,22.69,0.2064,13.94
2026-03-30T10:06:43+00:00,403.0,CRUISE,0.65,11.96,3995.1,171.76,707.46,42.62,111.15,22.3,0.2036,13.97
2026-03-30T10:06:44+00:00,404.0,CRUISE,0.65,12.05,3994.5,171.08,708.31,42.48,111.07,22.32,0.2214,14.01
2026-03-30T10:06:45+00:00,405.0,CRUISE,0.65,11.97,4007.6,170.98,706.84,42.75,111.14,22.54,0.2284,13.98
2026-03-30T10:06:46+00:00,406.0,CRUISE,0.65,11.99,4007.5,170.4,705.78,42.69,111.02,22.78,0.1994,14.03
2026-03-30T10:06:47+00:00,407.0,CRUISE,0.65,12.08,4005.0,170.02,705.99,42.41,110.93,22.22,0.2051,13.94
2026-03-30T10:06:48+00:00,408.0,CRUISE,0.65,11.8,4000.3,169.88,704.46,42.99,110.7,22.52,0.2123,13.93
2026-03-30T10:06:49+00:00,409.0,CRUISE,0.65,11.87,3996.6,169.38,705.8,42.88,110.55,22.25,0.2137,14.01
2026-03-30T10:06:50+00:00,410.0,CRUISE,0.65,11.85,4000.1,169.57,705.78,42.79,110.77,22.38,0.2018,14.01
2026-03-30T10:06:51+00:00,411.0,CRUISE,0.65,11.77,3997.6,169.91,705.62,42.65,110.72,22.41,0.2305,13.98
2026-03-30T10:06:52+00:00,412.0,CRUISE,0.65,11.93,3998.0,169.72,706.07,42.98,110.52,22.4,0.213,13.99
2026-03-30T10:06:53+00:00,413.0,CRUISE,0.65,12.07,3999.1,169.58,707.69,42.76,110.42,22.39,0.2144,14.0
2026-03-30T10:06:54+00:00,414.0,CRUISE,0.65,11.97,3993.7,169.84,706.94,42.38,110.14,22.44,0.2288,13.96
2026-03-30T10:06:55+00:00,415.0,CRUISE,0.65,12.02,4000.5,169.59,706.09,42.4,109.94,22.4,0.2027,13.96
2026-03-30T10:06:56+00:00,416.0,CRUISE,0.65,12.11,4023.1,169.32,707.5,42.96,110.1,22.4,0.2082,13.99
2026-03-30T10:06:57+00:00,417.0,CRUISE,0.65,12.13,3997.2,169.85,707.82,43.11,110.04,22.58,0.1929,14.01
2026-03-30T10:06:58+00:00,418.0,CRUISE,0.65,11.99,4000.7,170.24,706.47,42.92,110.28,22.59,0.206,13.95
2026-03-30T10:06:59+00:00,419.0,CRUISE,0.65,12.14,3993.8,170.5,705.92,43.2,110.22,22.57,0.1899,13.98
2026-03-30T10:07:00+00:00,420.0,CRUISE,0.65,12.01,4001.0,170.89,705.73,43.24,110.18,22.25,0.2171,13.98
2026-03-30T10:07:01+00:00,421.0,CRUISE,0.65,11.92,4000.4,170.1,705.76,43.0,110.23,22.52,0.2131,14.0
2026-03-30T10:07:02+00:00,422.0,CRUISE,0.65,11.94,4005.9,170.67,703.74,42.93,109.79,22.61,0.205,13.98
2026-03-30T10:07:03+00:00,423.0,CRUISE,0.65,11.85,4011.9,170.83,702.04,43.02,109.78,22.39,0.2074,13.97
2026-03-30T10:07:04+00:00,424.0,CRUISE,0.65,11.91,4007.2,171.24,701.63,42.78,109.74,22.52,0.2175,14.02
2026-03-30T10:07:05+00:00,425.0,CRUISE,0.65,11.96,4012.3,171.39,701.27,42.85,109.93,22.53,0.195,13.97
2026-03-30T10:07:06+00:00,426.0,CRUISE,0.65,12.08,3987.1,171.4,701.39,42.88,110.04,22.67,0.2098,13.97
2026-03-30T10:07:07+00:00,427.0,CRUISE,0.65,12.17,4005.6,171.29,703.07,42.47,109.83,22.8,0.2167,13.93
2026-03-30T10:07:08+00:00,428.0,CRUISE,0.65,11.86,4005.4,171.42,703.21,42.59,109.98,22.26,0.1869,13.96
2026-03-30T10:07:09+00:00,429.0,CRUISE,0.65,12.04,4011.0,171.29,703.81,42.65,109.91,22.92,0.2168,14.0
2026-03-30T10:07:10+00:00,430.0,CRUISE,0.65,11.9,3995.4,171.63,702.47,42.99,109.73,22.31,0.1877,13.99
2026-03-30T10:07:11+00:00,431.0,CRUISE,0.65,12.05,3990.5,170.98,702.46,42.46,109.73,22.57,0.2061,14.0
2026-03-30T10:07:12+00:00,432.0,CRUISE,0.65,11.99,3995.8,170.76,703.7,42.53,109.66,22.6,0.1939,14.0
2026-03-30T10:07:13+00:00,433.0,CRUISE,0.65,11.82,3997.3,171.58,704.55,42.54,109.86,22.31,0.2251,14.05
2026-03-30T10:07:14+00:00,434.0,CRUISE,0.65,12.09,4000.4,171.32,703.67,42.91,109.88,22.55,0.1942,13.96
2026-03-30T10:07:15+00:00,435.0,CRUISE,0.65,11.94,4008.4,171.22,704.06,42.9,109.87,22.51,0.1887,13.93
2026-03-30T10:07:16+00:00,436.0,CRUISE,0.65,11.95,3989.7,170.86,706.76,43.3,109.97,22.5,0.2091,13.95
2026-03-30T10:07:17+00:00,437.0,CRUISE,0.65,11.89,4002.1,171.0,706.04,43.29,110.1,22.52,0.2032,13.96
2026-03-30T10:07:18+00:00,438.0,CRUISE,0.65,11.93,4000.7,170.7,704.72,43.0,110.17,22.66,0.19,13.95
2026-03-30T10:07:19+00:00,439.0,CRUISE,0.65,12.04,3998.3,170.64,704.43,42.97,110.35,22.48,0.2143,13.99
2026-03-30T10:07:20+00:00,440.0,CRUISE,0.65,11.98,3986.9,170.99,704.51,42.77,110.39,22.37,0.1835,14.02
2026-03-30T10:07:21+00:00,441.0,CRUISE,0.65,12.03,3996.8,170.71,704.3,42.98,110.38,22.62,0.1954,14.03
2026-03-30T10:07:22+00:00,442.0,CRUISE,0.65,12.04,3978.6,171.04,704.27,42.5,110.52,22.43,0.2,14.0
2026-03-30T10:07:23+00:00,443.0,CRUISE,0.65,12.13,3993.7,171.37,702.61,42.38,110.46,22.55,0.2173,14.05
2026-03-30T10:07:24+00:00,444.0,CRUISE,0.65,11.97,3984.4,171.79,701.92,42.6,110.42,22.28,0.2228,13.97
2026-03-30T10:07:25+00:00,445.0,CRUISE,0.65,11.85,3992.0,171.82,702.38,42.94,110.64,22.27,0.2209,13.93
2026-03-30T10:07:26+00:00,446.0,CRUISE,0.65,12.11,3994.5,173.1,702.78,42.27,110.84,22.36,0.2059,14.01
2026-03-30T10:07:27+00:00,447.0,CRUISE,0.65,11.97,4006.1,173.46,702.56,42.8,110.8,22.42,0.1792,13.93
2026-03-30T10:07:28+00:00,448.0,CRUISE,0.65,12.11,4001.2,173.52,702.91,42.74,110.69,22.6,0.2128,13.96
2026-03-30T10:07:29+00:00,449.0,CRUISE,0.65,12.04,3994.6,173.11,703.41,42.23,110.87,22.59,0.2254,14.0
2026-03-30T10:07:30+00:00,450.0,CRUISE,0.65,11.99,3992.7,173.01,704.74,41.64,110.95,22.41,0.2225,13.98
2026-03-30T10:07:31+00:00,451.0,CRUISE,0.65,12.03,4006.0,173.52,704.55,41.68,110.95,22.73,0.2139,13.98
2026-03-30T10:07:32+00:00,452.0,CRUISE,0.65,12.2,4006.9,174.14,705.06,42.09,110.86,22.72,0.1941,13.95
2026-03-30T10:07:33+00:00,453.0,CRUISE,0.65,12.21,4000.0,174.65,704.3,42.31,110.87,22.51,0.2017,13.98
2026-03-30T10:07:34+00:00,454.0,CRUISE,0.65,12.01,3997.7,174.87,705.01,42.61,110.83,22.34,0.2311,14.01
2026-03-30T10:07:35+00:00,455.0,CRUISE,0.65,12.02,3985.8,174.26,705.27,42.48,110.69,22.63,0.1903,13.98
2026-03-30T10:07:36+00:00,456.0,CRUISE,0.65,12.11,3995.4,174.36,706.09,42.28,110.67,22.44,0.194,13.96
2026-03-30T10:07:37+00:00,457.0,CRUISE,0.65,11.92,3983.1,173.77,706.41,42.31,110.67,22.39,0.2185,13.95
2026-03-30T10:07:38+00:00,458.0,CRUISE,0.65,12.03,3996.9,173.1,706.55,42.48,110.58,22.41,0.2027,13.96
2026-03-30T10:07:39+00:00,459.0,CRUISE,0.65,12.0,3999.0,173.14,705.82,42.63,110.67,22.34,0.1938,13.99
2026-03-30T10:07:40+00:00,460.0,CRUISE,0.65,12.03,4018.1,173.29,705.75,42.51,110.83,22.37,0.2273,13.99
2026-03-30T10:07:41+00:00,461.0,CRUISE,0.65,11.92,4000.0,173.59,706.62,42.8,110.93,22.57,0.2136,13.96
2026-03-30T10:07:42+00:00,462.0,CRUISE,0.65,11.84,3998.7,173.71,705.15,42.6,110.84,22.35,0.2034,13.92
2026-03-30T10:07:43+00:00,463.0,CRUISE,0.65,11.79,4013.3,173.84,704.14,42.45,110.92,23.02,0.195,14.0
2026-03-30T10:07:44+00:00,464.0,CRUISE,0.65,11.89,4015.9,173.37,704.42,42.45,110.88,22.41,0.2334,13.96
2026-03-30T10:07:45+00:00,465.0,CRUISE,0.65,11.95,4002.1,173.26,704.9,42.83,110.65,22.3,0.2079,14.0
2026-03-30T10:07:46+00:00,466.0,CRUISE,0.65,11.97,4002.4,172.6,703.76,42.76,110.71,22.57,0.2249,13.96
2026-03-30T10:07:47+00:00,467.0,CRUISE,0.65,12.19,4000.8,171.75,703.92,42.57,110.69,22.71,0.2188,13.95
2026-03-30T10:07:48+00:00,468.0,CRUISE,0.65,12.11,4002.2,172.03,703.99,42.84,111.04,22.5,0.2019,13.99
2026-03-30T10:07:49+00:00,469.0,CRUISE,0.65,11.9,3995.1,171.7,701.4,43.28,111.2,22.53,0.2016,14.05
2026-03-30T10:07:50+00:00,470.0,CRUISE,0.65,12.03,3996.3,172.03,701.99,43.06,111.26,22.18,0.2252,14.0
2026-03-30T10:07:51+00:00,471.0,CRUISE,0.65,11.96,3984.9,172.45,702.45,43.16,111.24,22.28,0.2248,13.99
2026-03-30T10:07:52+00:00,472.0,CRUISE,0.65,11.97,3992.8,172.16,702.79,43.19,111.22,22.27,0.1852,13.99
2026-03-30T10:07:53+00:00,473.0,CRUISE,0.65,12.02,3999.5,172.37,704.95,42.83,111.01,22.19,0.2146,13.93
2026-03-30T10:07:54+00:00,474.0,CRUISE,0.65,12.06,3997.4,172.07,703.35,42.78,110.7,22.48,0.2065,13.95
2026-03-30T10:07:55+00:00,475.0,CRUISE,0.65,11.97,3985.3,171.3,702.62,42.41,110.53,22.05,0.1949,13.91
2026-03-30T10:07:56+00:00,476.0,CRUISE,0.65,12.11,3999.9,171.35,700.03,42.49,110.48,22.28,0.2112,14.03
2026-03-30T10:07:57+00:00,477.0,CRUISE,0.65,11.89,4002.4,171.15,700.66,42.47,110.11,22.41,0.192,14.03
2026-03-30T10:07:58+00:00,478.0,CRUISE,0.65,12.0,3995.0,170.97,701.23,42.51,109.99,22.32,0.2022,13.99
2026-03-30T10:07:59+00:00,479.0,CRUISE,0.65,12.26,3994.7,171.77,701.6,42.44,109.92,22.5,0.1982,13.99
2026-03-30T10:08:00+00:00,480.0,CRUISE,0.65,12.02,3984.8,171.14,703.7,42.5,109.85,22.43,0.2013,13.94
2026-03-30T10:08:01+00:00,481.0,CRUISE,0.65,12.14,3983.5,171.29,704.95,42.74,109.72,22.51,0.2063,13.98
2026-03-30T10:08:02+00:00,482.0,CRUISE,0.65,12.01,3986.8,170.89,704.87,42.74,109.63,22.51,0.1952,14.04
2026-03-30T10:08:03+00:00,483.0,CRUISE,0.65,12.06,4002.6,171.26,704.32,42.33,109.86,22.66,0.2271,13.99
2026-03-30T10:08:04+00:00,484.0,CRUISE,0.65,11.99,3995.8,171.37,705.56,42.34,109.93,22.45,0.2137,13.97
2026-03-30T10:08:05+00:00,485.0,CRUISE,0.65,11.98,4002.5,171.51,705.21,42.18,109.81,22.54,0.2297,13.93
2026-03-30T10:08:06+00:00,486.0,CRUISE,0.65,11.92,3996.5,171.12,703.96,42.51,109.76,22.53,0.2059,14.02
2026-03-30T10:08:07+00:00,487.0,CRUISE,0.65,12.04,3999.7,170.81,702.04,42.79,109.72,22.5,0.2014,13.98
2026-03-30T10:08:08+00:00,488.0,CRUISE,0.65,11.91,3998.3,171.19,702.15,42.9,109.57,22.41,0.2291,13.93
2026-03-30T10:08:09+00:00,489.0,CRUISE,0.65,12.07,4005.6,171.9,703.73,42.73,109.43,22.46,0.2014,13.95
2026-03-30T10:08:10+00:00,490.0,CRUISE,0.65,12.11,3998.2,172.07,706.68,42.87,109.55,22.34,0.2058,13.94
2026-03-30T10:08:11+00:00,491.0,CRUISE,0.65,12.04,3986.0,171.68,706.1,42.74,109.46,22.46,0.216,13.98
2026-03-30T10:08:12+00:00,492.0,CRUISE,0.65,11.97,3981.3,171.8,704.66,42.5,109.27,22.35,0.1922,13.99
2026-03-30T10:08:13+00:00,493.0,CRUISE,0.65,12.05,3985.7,172.75,703.15,42.83,109.24,22.29,0.2158,13.97
2026-03-30T10:08:14+00:00,494.0,CRUISE,0.65,11.97,3982.2,172.74,704.13,43.05,109.24,22.27,0.2141,14.01
2026-03-30T10:08:15+00:00,495.0,CRUISE,0.65,12.09,3993.7,173.28,702.11,43.26,108.92,22.26,0.223,13.98
2026-03-30T10:08:16+00:00,496.0,CRUISE,0.65,11.82,3992.6,172.92,703.34,43.0,108.9,22.58,0.2183,14.01
2026-03-30T10:08:17+00:00,497.0,CRUISE,0.65,11.97,4014.7,172.85,704.64,43.35,109.01,22.58,0.2244,13.97
2026-03-30T10:08:18+00:00,498.0,CRUISE,0.65,11.8,3993.2,173.04,705.01,43.07,109.06,22.31,0.2064,14.07
2026-03-30T10:08:19+00:00,499.0,CRUISE,0.65,11.85,3997.7,173.14,704.52,43.18,109.38,22.58,0.1976,13.97
2026-03-30T10:08:20+00:00,500.0,CRUISE,0.65,12.14,3989.3,172.78,705.19,42.93,109.54,22.33,0.2328,13.96
2026-03-30T10:08:21+00:00,501.0,CRUISE,0.65,12.09,3990.1,172.41,705.19,42.83,109.73,22.21,0.1892,13.95
2026-03-30T10:08:22+00:00,502.0,CRUISE,0.65,11.93,3995.6,172.77,704.0,42.21,110.12,22.6,0.1907,13.98
2026-03-30T10:08:23+00:00,503.0,CRUISE,0.65,11.85,3978.7,173.19,706.25,42.31,110.2,22.27,0.2137,13.93
2026-03-30T10:08:24+00:00,504.0,CRUISE,0.65,11.7,3990.5,173.73,705.18,42.5,110.19,22.36,0.2271,13.99
2026-03-30T10:08:25+00:00,505.0,CRUISE,0.65,11.95,4009.9,174.38,705.89,42.54,110.31,22.54,0.2108,13.93
2026-03-30T10:08:26+00:00,506.0,CRUISE,0.65,12.24,4001.0,174.34,702.65,43.09,110.19,22.65,0.2201,13.99
2026-03-30T10:08:27+00:00,507.0,CRUISE,0.65,12.04,4002.1,174.13,704.7,42.69,110.18,22.49,0.1842,13.94
2026-03-30T10:08:28+00:00,508.0,CRUISE,0.65,11.94,4008.8,174.58,706.37,42.63,110.05,22.35,0.2025,13.97
2026-03-30T10:08:29+00:00,509.0,CRUISE,0.65,12.05,4002.8,174.77,705.87,42.49,110.08,22.57,0.1857,14.0
2026-03-30T10:08:30+00:00,510.0,CRUISE,0.65,11.84,3996.3,174.26,706.06,42.48,109.96,22.38,0.2172,14.05
2026-03-30T10:08:31+00:00,511.0,CRUISE,0.65,11.97,3979.4,173.76,706.22,42.84,109.83,22.64,0.1884,13.95
2026-03-30T10:08:32+00:00,512.0,CRUISE,0.65,12.01,3994.1,173.88,704.92,43.2,109.86,22.44,0.1924,13.98
2026-03-30T10:08:33+00:00,513.0,CRUISE,0.65,11.99,3995.6,173.73,705.42,42.89,109.81,22.11,0.214,13.96
2026-03-30T10:08:34+00:00,514.0,CRUISE,0.65,12.08,3989.2,173.65,704.17,42.7,109.5,22.46,0.2202,13.96
2026-03-30T10:08:35+00:00,515.0,CRUISE,0.65,12.03,3995.0,174.0,703.51,42.5,109.26,22.74,0.2059,13.96
2026-03-30T10:08:36+00:00,516.0,CRUISE,0.65,12.07,3992.3,174.23,705.12,43.01,109.07,22.67,0.2145,14.01
2026-03-30T10:08:37+00:00,517.0,CRUISE,0.65,11.93,3991.4,174.67,706.05,43.28,108.92,22.7,0.2141,13.97
2026-03-30T10:08:38+00:00,518.0,CRUISE,0.65,12.09,4000.0,173.8,704.76,43.15,108.97,22.32,0.2055,14.05
2026-03-30T10:08:39+00:00,519.0,CRUISE,0.65,12.16,3988.8,173.82,703.82,42.72,108.99,22.55,0.1943,13.99
2026-03-30T10:08:40+00:00,520.0,CRUISE,0.65,11.9,4002.2,174.02,703.18,42.51,109.13,22.38,0.2149,13.95
2026-03-30T10:08:41+00:00,521.0,CRUISE,0.65,11.91,3989.5,173.33,704.36,42.71,109.23,22.45,0.2149,13.97
2026-03-30T10:08:42+00:00,522.0,CRUISE,0.65,12.13,3988.8,173.0,703.19,42.91,109.37,22.22,0.2182,13.96
2026-03-30T10:08:43+00:00,523.0,CRUISE,0.65,11.98,4009.2,172.61,703.97,42.43,109.44,22.43,0.2123,14.01
2026-03-30T10:08:44+00:00,524.0,CRUISE,0.65,12.14,4013.3,172.58,705.06,42.59,109.44,22.45,0.1947,13.93
2026-03-30T10:08:45+00:00,525.0,CRUISE,0.65,11.96,4007.1,173.19,704.76,43.14,109.58,22.65,0.2167,13.94
2026-03-30T10:08:46+00:00,526.0,CRUISE,0.65,12.15,3995.7,173.94,705.92,42.98,109.7,22.57,0.2078,13.96
2026-03-30T10:08:47+00:00,527.0,CRUISE,0.65,12.01,3993.1,173.53,705.11,43.3,109.73,22.48,0.2019,14.0
2026-03-30T10:08:48+00:00,528.0,CRUISE,0.65,12.03,3996.6,173.67,704.66,43.28,109.9,22.25,0.2043,14.02
2026-03-30T10:08:49+00:00,529.0,CRUISE,0.65,12.16,3998.1,173.83,703.46,42.87,109.52,22.42,0.1997,14.02
2026-03-30T10:08:50+00:00,530.0,CRUISE,0.65,11.96,3997.8,173.9,704.93,42.82,109.45,22.35,0.2186,14.0
2026-03-30T10:08:51+00:00,531.0,CRUISE,0.65,11.91,3998.2,173.98,703.83,42.83,109.38,22.6,0.1909,13.98
2026-03-30T10:08:52+00:00,532.0,CRUISE,0.65,11.96,3996.9,174.02,704.39,42.62,109.54,22.63,0.196,14.01
2026-03-30T10:08:53+00:00,533.0,CRUISE,0.65,12.05,3986.4,174.61,704.3,42.45,109.75,22.55,0.2034,13.95
2026-03-30T10:08:54+00:00,534.0,CRUISE,0.65,11.84,3988.4,174.95,702.99,42.98,109.51,22.29,0.2268,13.93
2026-03-30T10:08:55+00:00,535.0,CRUISE,0.65,12.06,4000.9,174.42,702.68,42.71,109.7,22.07,0.2207,14.0
2026-03-30T10:08:56+00:00,536.0,CRUISE,0.65,11.95,3989.1,174.64,704.79,43.04,109.51,22.15,0.1878,13.95
2026-03-30T10:08:57+00:00,537.0,CRUISE,0.65,12.11,3992.4,174.9,704.95,42.88,109.32,22.64,0.2239,13.98
2026-03-30T10:08:58+00:00,538.0,CRUISE,0.65,11.76,3989.1,174.91,703.48,42.88,109.26,22.35,0.2237,13.99
2026-03-30T10:08:59+00:00,539.0,CRUISE,0.65,11.92,3994.8,175.25,704.07,43.05,109.2,22.33,0.1937,13.99
2026-03-30T10:09:00+00:00,540.0,CRUISE,0.65,11.83,3993.8,175.21,703.92,42.88,108.95,22.69,0.1775,14.01
2026-03-30T10:09:01+00:00,541.0,CRUISE,0.65,11.92,4008.2,175.17,708.19,43.09,109.04,22.72,0.2076,14.01
2026-03-30T10:09:02+00:00,542.0,CRUISE,0.65,12.02,4007.8,175.1,707.48,42.57,109.13,22.53,0.2219,13.99
2026-03-30T10:09:03+00:00,543.0,CRUISE,0.65,11.98,3993.0,174.18,706.13,42.82,109.27,22.39,0.2268,13.97
2026-03-30T10:09:04+00:00,544.0,CRUISE,0.65,11.97,4001.3,174.06,707.34,42.27,109.19,22.46,0.1977,13.99
2026-03-30T10:09:05+00:00,545.0,CRUISE,0.65,11.98,3994.0,173.71,704.28,42.48,109.16,22.47,0.2288,13.96
2026-03-30T10:09:06+00:00,546.0,CRUISE,0.65,12.02,3991.9,173.16,704.42,42.88,109.14,22.67,0.1809,13.98
2026-03-30T10:09:07+00:00,547.0,CRUISE,0.65,11.9,3997.9,173.67,706.77,43.06,109.38,22.53,0.2035,14.06
2026-03-30T10:09:08+00:00,548.0,CRUISE,0.65,12.07,3994.5,173.8,705.97,42.71,108.93,22.55,0.2028,13.99
2026-03-30T10:09:09+00:00,549.0,CRUISE,0.65,12.07,4003.9,173.71,703.48,42.57,108.77,22.67,0.2221,14.0
2026-03-30T10:09:10+00:00,550.0,CRUISE,0.65,12.04,3995.3,173.41,703.27,42.58,108.76,22.27,0.2234,13.96
2026-03-30T10:09:11+00:00,551.0,CRUISE,0.65,12.06,3992.2,173.47,705.34,42.81,108.59,22.54,0.2191,14.01
2026-03-30T10:09:12+00:00,552.0,CRUISE,0.65,12.03,3990.3,173.8,705.52,42.39,108.54,22.37,0.1913,14.01
2026-03-30T10:09:13+00:00,553.0,CRUISE,0.65,12.2,3990.0,173.39,704.25,42.64,108.51,22.04,0.2179,14.01
2026-03-30T10:09:14+00:00,554.0,CRUISE,0.65,11.99,4003.2,173.33,703.47,42.92,108.4,22.18,0.2143,13.99
2026-03-30T10:09:15+00:00,555.0,CRUISE,0.65,11.97,4006.2,173.61,703.06,42.95,108.4,22.36,0.1883,14.01
2026-03-30T10:09:16+00:00,556.0,CRUISE,0.65,11.92,4016.4,172.76,703.88,43.19,108.49,22.65,0.1841,14.02
2026-03-30T10:09:17+00:00,557.0,CRUISE,0.65,11.9,4026.1,172.69,705.64,43.29,108.44,22.65,0.2218,13.99
2026-03-30T10:09:18+00:00,558.0,CRUISE,0.65,11.88,4004.7,172.47,706.52,43.11,108.36,22.53,0.2061,13.98
2026-03-30T10:09:19+00:00,559.0,CRUISE,0.65,11.91,4002.5,172.37,706.44,42.64,108.33,22.78,0.1927,14.01
2026-03-30T10:09:20+00:00,560.0,CRUISE,0.65,11.99,3991.4,172.13,704.25,42.85,108.31,22.23,0.2051,13.96
2026-03-30T10:09:21+00:00,561.0,CRUISE,0.65,12.03,3988.9,172.16,702.69,42.72,108.04,22.41,0.2118,13.96
2026-03-30T10:09:22+00:00,562.0,CRUISE,0.65,12.01,3988.8,172.9,703.8,42.73,108.11,22.45,0.2065,13.98
2026-03-30T10:09:23+00:00,563.0,CRUISE,0.65,11.92,3985.3,172.71,702.3,42.99,108.03,22.28,0.1887,13.93
2026-03-30T10:09:24+00:00,564.0,CRUISE,0.65,12.09,3983.6,172.79,702.63,43.37,108.22,22.38,0.2298,14.01
2026-03-30T10:09:25+00:00,565.0,CRUISE,0.65,12.07,3990.0,173.54,703.5,43.25,108.3,22.18,0.2196,13.95
2026-03-30T10:09:26+00:00,566.0,CRUISE,0.65,11.98,3984.7,173.25,702.36,43.29,108.47,22.6,0.2032,13.97
2026-03-30T10:09:27+00:00,567.0,CRUISE,0.65,11.93,3998.4,173.91,701.69,42.87,108.31,22.36,0.2044,13.98
2026-03-30T10:09:28+00:00,568.0,CRUISE,0.65,12.05,3991.4,173.83,702.35,43.02,108.25,22.73,0.2119,13.98
2026-03-30T10:09:29+00:00,569.0,CRUISE,0.65,12.02,4017.6,174.47,703.57,43.12,108.06,22.58,0.1954,13.97
2026-03-30T10:09:30+00:00,570.0,CRUISE,0.65,11.86,4005.0,174.67,705.04,43.48,107.96,22.66,0.2122,13.98
2026-03-30T10:09:31+00:00,571.0,CRUISE,0.65,11.99,4002.7,174.69,705.59,43.23,108.15,22.48,0.1922,13.98
2026-03-30T10:09:32+00:00,572.0,CRUISE,0.65,12.03,3990.5,174.56,705.33,43.11,108.37,22.41,0.2067,13.97
2026-03-30T10:09:33+00:00,573.0,CRUISE,0.65,11.91,4008.3,174.21,704.16,43.42,108.19,22.44,0.1944,13.96
2026-03-30T10:09:34+00:00,574.0,CRUISE,0.65,12.02,4012.8,174.15,702.97,43.34,108.12,22.57,0.1953,14.01
2026-03-30T10:09:35+00:00,575.0,CRUISE,0.65,11.85,4008.5,174.42,702.73,43.02,108.11,22.57,0.2282,13.92
2026-03-30T10:09:36+00:00,576.0,CRUISE,0.65,12.13,3993.1,174.33,703.73,43.7,108.2,22.32,0.2084,13.98
2026-03-30T10:09:37+00:00,577.0,CRUISE,0.65,12.12,3997.7,174.11,704.36,43.23,107.93,22.44,0.2104,13.97
2026-03-30T10:09:38+00:00,578.0,CRUISE,0.65,11.97,3989.4,173.92,701.82,43.2,107.69,22.32,0.1834,14.0
2026-03-30T10:09:39+00:00,579.0,CRUISE,0.65,12.04,4005.8,174.24,701.63,43.32,107.77,22.86,0.2012,13.94
2026-03-30T10:09:40+00:00,580.0,CRUISE,0.65,11.76,4009.0,174.63,703.8,43.4,107.48,22.52,0.214,13.97
2026-03-30T10:09:41+00:00,581.0,CRUISE,0.65,11.88,4004.9,174.26,704.03,43.33,107.42,22.74,0.2106,13.98
2026-03-30T10:09:42+00:00,582.0,CRUISE,0.65,11.97,3982.6,173.91,702.4,43.23,107.45,22.34,0.1813,14.01
2026-03-30T10:09:43+00:00,583.0,CRUISE,0.65,11.89,3982.7,173.98,705.73,43.15,107.52,22.41,0.2096,13.99
2026-03-30T10:09:44+00:00,584.0,CRUISE,0.65,12.07,3996.2,174.51,705.33,42.91,107.51,22.25,0.2122,13.95
2026-03-30T10:09:45+00:00,585.0,CRUISE,0.65,12.2,4007.3,174.87,705.61,43.62,107.46,22.45,0.2238,13.97
2026-03-30T10:09:46+00:00,586.0,CRUISE,0.65,11.88,4012.2,174.26,705.73,43.46,107.6,22.58,0.2008,14.01
2026-03-30T10:09:47+00:00,587.0,CRUISE,0.65,11.92,3993.0,174.06,704.87,43.52,107.65,22.67,0.1808,13.95
2026-03-30T10:09:48+00:00,588.0,CRUISE,0.65,12.02,3998.4,173.61,703.87,43.34,107.55,22.5,0.196,13.98
2026-03-30T10:09:49+00:00,589.0,CRUISE,0.65,12.16,4006.8,173.43,706.63,43.24,107.56,22.72,0.1952,13.98
2026-03-30T10:09:50+00:00,590.0,CRUISE,0.65,11.88,3989.8,174.0,707.14,43.11,107.63,22.51,0.2164,13.97
2026-03-30T10:09:51+00:00,591.0,CRUISE,0.65,12.02,3994.2,173.35,707.35,42.75,107.89,22.69,0.1751,14.06
2026-03-30T10:09:52+00:00,592.0,CRUISE,0.65,12.18,3998.8,172.64,707.27,42.89,108.0,22.46,0.2026,13.97
2026-03-30T10:09:53+00:00,593.0,CRUISE,0.65,11.83,3996.5,172.26,705.19,42.89,108.18,22.81,0.225,14.0
2026-03-30T10:09:54+00:00,594.0,CRUISE,0.65,11.87,3982.9,172.34,706.42,43.25,108.08,22.3,0.2073,13.96
2026-03-30T10:09:55+00:00,595.0,CRUISE,0.65,11.96,3988.2,172.56,704.8,42.9,107.99,22.29,0.2182,14.0
2026-03-30T10:09:56+00:00,596.0,CRUISE,0.65,11.95,3990.8,172.69,705.0,42.86,107.95,22.24,0.1879,14.01
2026-03-30T10:09:57+00:00,597.0,CRUISE,0.65,12.08,3993.7,173.11,702.88,42.76,107.93,22.79,0.1885,13.96
2026-03-30T10:09:58+00:00,598.0,CRUISE,0.65,12.02,3991.8,172.35,700.85,43.29,107.77,22.55,0.2249,13.98
2026-03-30T10:09:59+00:00,599.0,CRUISE,0.65,11.82,3991.8,172.79,702.17,43.02,107.96,22.38,0.2088,13.96
2026-03-30T10:10:00+00:00,600.0,CRUISE,0.65,12.05,3995.0,172.61,701.84,43.21,108.09,22.63,0.209,13.95
2026-03-30T10:10:01+00:00,601.0,CRUISE,0.65,11.94,4000.5,172.86,700.16,43.45,108.04,22.58,0.1946,14.01
2026-03-30T10:10:02+00:00,602.0,CRUISE,0.65,12.13,3997.4,172.28,702.05,43.3,108.13,22.76,0.2091,13.97
2026-03-30T10:10:03+00:00,603.0,CRUISE,0.65,11.94,3994.9,172.25,705.23,42.89,108.16,22.21,0.194,13.91
2026-03-30T10:10:04+00:00,604.0,CRUISE,0.65,11.94,3997.7,172.31,706.64,42.65,108.26,22.42,0.2222,14.04
2026-03-30T10:10:05+00:00,605.0,CRUISE,0.65,12.05,3983.0,172.74,705.68,43.03,108.05,22.3,0.2399,13.96
2026-03-30T10:10:06+00:00,606.0,CRUISE,0.65,12.08,3994.6,172.06,705.35,42.77,108.02,22.15,0.2136,13.98
2026-03-30T10:10:07+00:00,607.0,CRUISE,0.65,12.04,3996.8,172.04,706.15,43.03,108.0,22.62,0.2003,14.03
2026-03-30T10:10:08+00:00,608.0,CRUISE,0.65,11.83,3998.2,171.58,706.94,43.11,108.09,22.42,0.1775,13.98
2026-03-30T10:10:09+00:00,609.0,CRUISE,0.65,12.05,4006.3,171.77,705.84,43.26,107.99,22.63,0.1881,13.98
2026-03-30T10:10:10+00:00,610.0,CRUISE,0.65,11.9,3987.2,172.06,705.41,43.35,107.6,22.75,0.226,13.95
2026-03-30T10:10:11+00:00,611.0,CRUISE,0.65,12.02,3977.2,172.54,705.46,43.04,107.44,22.29,0.1945,13.93
2026-03-30T10:10:12+00:00,612.0,CRUISE,0.65,11.86,3990.0,172.29,705.76,42.87,107.43,22.35,0.2031,13.98
2026-03-30T10:10:13+00:00,613.0,CRUISE,0.65,12.04,3994.4,172.62,705.22,43.2,107.45,22.46,0.2156,13.99
2026-03-30T10:10:14+00:00,614.0,CRUISE,0.65,11.92,3998.0,173.12,704.81,43.06,107.71,22.61,0.2257,13.99
2026-03-30T10:10:15+00:00,615.0,CRUISE,0.65,11.87,3994.8,172.4,706.3,42.43,107.79,22.36,0.2054,13.97
2026-03-30T10:10:16+00:00,616.0,CRUISE,0.65,12.07,4002.2,172.61,707.24,42.92,107.8,22.39,0.2033,13.98
2026-03-30T10:10:17+00:00,617.0,CRUISE,0.65,12.02,4008.1,172.95,707.03,42.81,107.8,22.68,0.2093,13.93
2026-03-30T10:10:18+00:00,618.0,CRUISE,0.65,11.94,4007.6,172.79,708.34,43.1,107.96,22.58,0.2009,14.0
2026-03-30T10:10:19+00:00,619.0,CRUISE,0.65,12.15,4001.3,172.26,706.81,43.5,107.87,22.18,0.2012,13.99
2026-03-30T10:10:20+00:00,620.0,CRUISE,0.65,11.96,3983.4,172.61,708.03,43.36,107.84,22.19,0.2121,14.04
2026-03-30T10:10:21+00:00,621.0,CRUISE,0.65,12.0,3997.2,172.08,707.65,43.56,107.68,22.68,0.2101,13.98
2026-03-30T10:10:22+00:00,622.0,CRUISE,0.65,12.03,4007.9,171.98,710.68,43.49,107.89,22.58,0.234,13.95
2026-03-30T10:10:23+00:00,623.0,CRUISE,0.65,11.94,4008.7,171.94,707.46,43.8,107.94,22.41,0.2138,13.98
2026-03-30T10:10:24+00:00,624.0,CRUISE,0.65,12.05,3997.0,172.2,705.78,43.3,107.83,22.43,0.2217,13.97
2026-03-30T10:10:25+00:00,625.0,CRUISE,0.65,11.95,4003.4,171.92,705.88,43.28,107.81,22.5,0.1954,14.0
2026-03-30T10:10:26+00:00,626.0,CRUISE,0.65,11.96,4008.2,171.62,705.93,43.45,107.88,22.64,0.2148,13.98
2026-03-30T10:10:27+00:00,627.0,CRUISE,0.65,12.14,4016.2,171.64,707.91,43.36,107.84,22.37,0.2002,13.94
2026-03-30T10:10:28+00:00,628.0,CRUISE,0.65,11.9,4000.9,172.03,706.08,43.61,107.75,22.36,0.2128,13.93
2026-03-30T10:10:29+00:00,629.0,CRUISE,0.65,11.76,3998.2,172.91,706.61,43.36,107.65,22.51,0.2162,13.99
2026-03-30T10:10:30+00:00,630.0,CRUISE,0.65,12.16,4004.6,172.26,707.44,43.85,107.7,22.49,0.2089,14.02
2026-03-30T10:10:31+00:00,631.0,CRUISE,0.65,12.25,4002.4,172.36,707.51,44.16,107.65,22.58,0.237,13.98
2026-03-30T10:10:32+00:00,632.0,CRUISE,0.65,11.96,3991.8,171.88,705.45,43.86,107.58,22.24,0.2248,14.01
2026-03-30T10:10:33+00:00,633.0,CRUISE,0.65,11.81,3998.7,172.26,706.77,43.78,107.38,22.52,0.2221,14.01
2026-03-30T10:10:34+00:00,634.0,CRUISE,0.65,11.97,4003.5,171.85,707.57,43.9,107.39,22.66,0.2174,13.99
2026-03-30T10:10:35+00:00,635.0,CRUISE,0.65,11.97,4002.0,171.56,707.39,43.38,107.36,22.56,0.2293,13.96
2026-03-30T10:10:36+00:00,636.0,CRUISE,0.65,11.98,4002.3,171.31,706.78,43.04,107.32,22.51,0.1909,13.99
2026-03-30T10:10:37+00:00,637.0,CRUISE,0.65,11.89,3998.7,171.27,706.34,43.46,107.35,22.45,0.2244,14.02
2026-03-30T10:10:38+00:00,638.0,CRUISE,0.65,12.06,4010.7,171.4,705.73,43.49,107.46,22.42,0.1967,14.0
2026-03-30T10:10:39+00:00,639.0,CRUISE,0.65,12.05,3997.8,171.58,706.14,43.35,107.57,22.45,0.2012,14.0
2026-03-30T10:10:40+00:00,640.0,CRUISE,0.65,11.85,3993.7,171.56,705.62,43.3,107.65,22.63,0.2145,13.97
2026-03-30T10:10:41+00:00,641.0,CRUISE,0.65,12.07,3996.4,171.02,704.27,42.68,107.61,22.44,0.2227,13.98
2026-03-30T10:10:42+00:00,642.0,CRUISE,0.65,12.21,4004.7,171.31,703.13,42.89,107.52,22.37,0.1944,13.98
2026-03-30T10:10:43+00:00,643.0,CRUISE,0.65,12.02,3990.0,171.28,702.58,42.84,107.36,22.34,0.2014,13.98
2026-03-30T10:10:44+00:00,644.0,CRUISE,0.65,11.97,3983.9,171.74,703.32,43.22,107.27,22.41,0.2084,14.02
2026-03-30T10:10:45+00:00,645.0,CRUISE,0.65,11.99,3975.0,171.44,703.55,43.45,107.28,22.27,0.2045,13.91
2026-03-30T10:10:46+00:00,646.0,CRUISE,0.65,12.06,3987.0,170.79,704.05,43.52,107.16,22.47,0.2176,13.98
2026-03-30T10:10:47+00:00,647.0,CRUISE,0.65,11.83,3983.9,170.78,704.66,43.51,107.17,22.46,0.2485,13.98
2026-03-30T10:10:48+00:00,648.0,CRUISE,0.65,12.02,3988.2,171.31,703.82,43.05,107.03,22.54,0.2125,13.94
2026-03-30T10:10:49+00:00,649.0,CRUISE,0.65,11.96,3998.8,171.37,705.73,43.34,106.79,22.68,0.1992,14.0
2026-03-30T10:10:50+00:00,650.0,CRUISE,0.65,12.18,3993.8,171.28,705.08,43.5,106.92,22.59,0.1922,13.96
2026-03-30T10:10:51+00:00,651.0,CRUISE,0.65,11.98,3998.2,170.93,704.36,43.77,106.86,22.33,0.204,13.97
2026-03-30T10:10:52+00:00,652.0,CRUISE,0.65,12.17,3996.2,171.64,705.0,44.16,106.74,22.32,0.1966,14.04
2026-03-30T10:10:53+00:00,653.0,CRUISE,0.6567,11.96,4017.6,171.22,703.47,43.51,106.59,22.68,0.2148,14.01
2026-03-30T10:10:54+00:00,654.0,CRUISE,0.6633,12.19,4041.8,170.96,704.59,43.5,106.67,22.88,0.2161,14.0
2026-03-30T10:10:55+00:00,655.0,CRUISE,0.67,12.23,4059.5,171.25,708.39,43.43,106.9,22.99,0.2063,13.99
2026-03-30T10:10:56+00:00,656.0,CRUISE,0.6767,12.18,4087.5,170.56,708.71,43.7,106.86,23.38,0.2374,13.98
2026-03-30T10:10:57+00:00,657.0,CRUISE,0.6833,12.35,4126.2,171.17,713.32,43.93,106.85,23.73,0.2071,14.04
2026-03-30T10:10:58+00:00,658.0,CRUISE,0.69,12.52,4155.6,171.52,718.03,44.07,107.05,24.0,0.2163,14.01
2026-03-30T10:10:59+00:00,659.0,CRUISE,0.6967,12.43,4171.1,171.99,719.99,44.52,106.81,24.26,0.2265,13.96
2026-03-30T10:11:00+00:00,660.0,MANEUVER,0.7033,12.36,4210.2,172.31,723.05,44.35,107.15,24.85,0.2319,13.94
2026-03-30T10:11:01+00:00,661.0,MANEUVER,0.7184,12.6,4249.6,172.38,728.26,44.34,107.56,25.22,0.2392,14.0
2026-03-30T10:11:02+00:00,662.0,MANEUVER,0.7333,12.58,4322.8,172.12,732.07,44.55,107.2,26.3,0.2336,13.98
2026-03-30T10:11:03+00:00,663.0,MANEUVER,0.7481,12.7,4390.0,172.28,738.4,45.03,107.25,26.67,0.2454,13.94
2026-03-30T10:11:04+00:00,664.0,MANEUVER,0.7625,12.79,4450.7,172.13,743.03,45.26,107.21,27.27,0.2289,14.0
2026-03-30T10:11:05+00:00,665.0,MANEUVER,0.7767,12.7,4512.2,172.59,748.41,45.86,107.25,28.0,0.2519,13.98
2026-03-30T10:11:06+00:00,666.0,MANEUVER,0.7904,12.77,4571.2,173.21,753.72,46.35,107.28,28.7,0.2557,14.01
2026-03-30T10:11:07+00:00,667.0,MANEUVER,0.8035,13.05,4637.9,174.11,760.74,46.65,107.5,29.45,0.2675,14.0
2026-03-30T10:11:08+00:00,668.0,MANEUVER,0.8095,12.95,4676.9,174.55,767.52,47.35,107.58,30.09,0.2319,13.97
2026-03-30T10:11:09+00:00,669.0,MANEUVER,0.8147,12.74,4713.5,175.21,771.42,47.64,107.55,30.02,0.2434,14.01
2026-03-30T10:11:10+00:00,670.0,MANEUVER,0.8193,13.08,4747.5,175.38,773.65,48.18,107.63,30.61,0.2664,13.98
2026-03-30T10:11:11+00:00,671.0,MANEUVER,0.8231,13.03,4762.0,175.47,775.95,48.22,107.81,30.69,0.2257,13.98
2026-03-30T10:11:12+00:00,672.0,MANEUVER,0.8261,12.93,4775.7,175.95,779.74,48.33,107.74,30.59,0.2644,13.98
2026-03-30T10:11:13+00:00,673.0,MANEUVER,0.8283,12.87,4782.9,176.08,784.46,48.29,107.61,31.03,0.2717,14.03
2026-03-30T10:11:14+00:00,674.0,MANEUVER,0.8296,13.08,4790.5,176.47,786.34,48.4,108.02,31.19,0.2526,13.98
2026-03-30T10:11:15+00:00,675.0,MANEUVER,0.83,13.03,4789.3,176.32,786.8,48.64,108.04,30.87,0.2543,14.03
2026-03-30T10:11:16+00:00,676.0,MANEUVER,0.8296,13.24,4808.2,176.25,788.55,48.54,108.13,31.13,0.2477,14.04
2026-03-30T10:11:17+00:00,677.0,MANEUVER,0.8283,13.04,4823.6,176.78,788.4,48.76,108.17,30.95,0.2553,13.97
2026-03-30T10:11:18+00:00,678.0,MANEUVER,0.8261,13.04,4823.6,177.39,787.85,48.54,108.37,30.98,0.2555,13.9
2026-03-30T10:11:19+00:00,679.0,MANEUVER,0.8231,12.98,4792.5,177.22,786.31,48.7,108.73,31.04,0.2512,14.02
2026-03-30T10:11:20+00:00,680.0,MANEUVER,0.8193,13.08,4786.9,177.72,787.6,48.43,108.92,30.69,0.2501,13.98
2026-03-30T10:11:21+00:00,681.0,MANEUVER,0.8147,13.06,4779.5,177.71,783.2,48.61,108.79,30.45,0.255,13.96
2026-03-30T10:11:22+00:00,682.0,MANEUVER,0.8095,13.13,4748.9,177.91,783.37,48.45,108.67,30.33,0.2528,13.97
2026-03-30T10:11:23+00:00,683.0,MANEUVER,0.8035,12.95,4724.5,178.65,781.13,48.65,108.7,29.92,0.277,13.98
2026-03-30T10:11:24+00:00,684.0,MANEUVER,0.797,12.96,4680.6,179.1,778.71,47.98,108.75,29.49,0.2469,14.03
2026-03-30T10:11:25+00:00,685.0,MANEUVER,0.79,12.95,4660.7,179.53,778.58,47.46,108.58,29.39,0.2543,13.99
2026-03-30T10:11:26+00:00,686.0,MANEUVER,0.7825,13.08,4623.2,180.38,774.66,47.24,108.79,28.7,0.2407,14.03
2026-03-30T10:11:27+00:00,687.0,MANEUVER,0.7747,13.15,4596.8,180.14,770.89,46.85,108.71,28.41,0.2387,14.0
2026-03-30T10:11:28+00:00,688.0,MANEUVER,0.7666,12.95,4551.1,179.77,767.69,46.47,109.01,28.1,0.2223,13.98
2026-03-30T10:11:29+00:00,689.0,MANEUVER,0.7584,12.96,4526.2,179.5,764.98,46.65,109.35,27.89,0.2221,13.98
2026-03-30T10:11:30+00:00,690.0,MANEUVER,0.75,13.03,4498.7,179.41,760.95,46.53,109.37,27.59,0.2246,14.0
2026-03-30T10:11:31+00:00,691.0,MANEUVER,0.7416,12.98,4451.6,178.46,755.56,46.2,109.49,26.83,0.2383,14.01
2026-03-30T10:11:32+00:00,692.0,MANEUVER,0.7334,13.1,4406.3,178.38,751.48,45.91,109.35,26.62,0.2461,14.02
2026-03-30T10:11:33+00:00,693.0,MANEUVER,0.7253,12.77,4357.0,178.14,749.93,45.55,109.48,25.89,0.2086,13.98
2026-03-30T10:11:34+00:00,694.0,MANEUVER,0.7175,12.92,4329.5,178.42,746.4,45.81,109.44,25.96,0.2217,13.99
2026-03-30T10:11:35+00:00,695.0,MANEUVER,0.71,12.92,4296.4,178.51,743.34,45.3,109.31,25.17,0.2097,14.0
2026-03-30T10:11:36+00:00,696.0,MANEUVER,0.703,12.77,4256.1,178.2,739.29,44.74,109.29,25.16,0.2205,13.97
2026-03-30T10:11:37+00:00,697.0,MANEUVER,0.6965,12.9,4237.1,178.36,735.12,44.88,109.24,24.63,0.2353,13.95
2026-03-30T10:11:38+00:00,698.0,MANEUVER,0.6905,12.91,4207.0,178.55,734.14,44.63,109.22,24.73,0.2151,13.96
2026-03-30T10:11:39+00:00,699.0,MANEUVER,0.6853,12.98,4174.9,178.14,730.52,44.95,109.38,24.23,0.218,13.98
2026-03-30T10:11:40+00:00,700.0,MANEUVER,0.6807,13.11,4152.6,177.83,727.05,44.45,109.28,23.77,0.2347,14.0
2026-03-30T10:11:41+00:00,701.0,MANEUVER,0.6769,12.98,4145.7,176.84,725.88,44.45,109.55,23.74,0.2222,14.02
2026-03-30T10:11:42+00:00,702.0,MANEUVER,0.6739,12.9,4131.8,176.31,722.44,44.48,109.35,23.79,0.2067,13.94
2026-03-30T10:11:43+00:00,703.0,MANEUVER,0.6717,12.99,4114.1,175.94,719.86,44.04,109.6,23.69,0.2167,13.97
2026-03-30T10:11:44+00:00,704.0,MANEUVER,0.6704,13.1,4108.1,175.9,718.6,43.71,109.45,23.46,0.2045,13.97
2026-03-30T10:11:45+00:00,705.0,MANEUVER,0.67,12.9,4089.8,175.45,717.53,43.83,109.45,23.36,0.2185,14.01
2026-03-30T10:11:46+00:00,706.0,MANEUVER,0.6704,12.91,4090.9,175.19,717.13,43.87,109.37,23.48,0.2197,13.97
2026-03-30T10:11:47+00:00,707.0,MANEUVER,0.6717,13.06,4095.3,174.66,719.26,43.42,109.32,23.43,0.1974,13.97
2026-03-30T10:11:48+00:00,708.0,MANEUVER,0.6739,12.98,4097.4,174.7,718.94,43.21,109.44,23.27,0.2161,13.94
2026-03-30T10:11:49+00:00,709.0,MANEUVER,0.6769,13.06,4112.3,174.85,715.87,42.75,109.67,23.49,0.2135,14.0
2026-03-30T10:11:50+00:00,710.0,MANEUVER,0.6807,13.0,4118.6,175.0,717.38,43.27,109.85,23.75,0.2219,13.98
2026-03-30T10:11:51+00:00,711.0,MANEUVER,0.6853,13.07,4142.2,175.0,718.76,43.43,109.79,24.12,0.2268,13.96
2026-03-30T10:11:52+00:00,712.0,MANEUVER,0.6905,12.9,4166.3,174.38,720.38,43.61,109.82,24.42,0.2241,13.98
2026-03-30T10:11:53+00:00,713.0,MANEUVER,0.6965,13.0,4164.0,174.17,722.56,43.35,109.71,24.38,0.2148,14.02
2026-03-30T10:11:54+00:00,714.0,MANEUVER,0.703,12.98,4210.1,174.06,724.68,43.47,109.57,24.71,0.2324,13.96
2026-03-30T10:11:55+00:00,715.0,MANEUVER,0.71,12.88,4215.3,173.98,727.01,43.72,109.41,24.93,0.2112,13.96
2026-03-30T10:11:56+00:00,716.0,MANEUVER,0.7175,12.84,4254.0,174.1,730.47,43.93,109.37,25.1,0.2083,14.02
2026-03-30T10:11:57+00:00,717.0,MANEUVER,0.7253,13.07,4304.2,174.78,732.7,44.38,109.43,25.64,0.1888,13.99
2026-03-30T10:11:58+00:00,718.0,MANEUVER,0.7334,12.96,4337.2,175.21,734.84,44.88,109.18,25.9,0.2285,14.01
2026-03-30T10:11:59+00:00,719.0,MANEUVER,0.7416,12.9,4363.2,174.93,742.19,45.67,109.22,26.16,0.2212,14.0
2026-03-30T10:12:00+00:00,720.0,MANEUVER,0.75,12.99,4398.1,175.34,744.11,45.65,109.49,26.78,0.2381,13.99
2026-03-30T10:12:01+00:00,721.0,MANEUVER,0.7584,13.11,4451.5,175.74,747.63,46.05,109.71,27.27,0.2131,13.98
2026-03-30T10:12:02+00:00,722.0,MANEUVER,0.7666,12.77,4473.7,175.57,749.2,45.87,109.67,27.65,0.2305,14.01
2026-03-30T10:12:03+00:00,723.0,MANEUVER,0.7747,12.85,4527.4,176.09,753.38,45.7,109.51,28.15,0.2474,14.02
2026-03-30T10:12:04+00:00,724.0,MANEUVER,0.7825,12.91,4562.9,176.2,756.17,46.02,109.64,28.5,0.2317,14.02
2026-03-30T10:12:05+00:00,725.0,MANEUVER,0.79,13.15,4588.6,175.83,759.82,45.99,109.36,28.86,0.2508,13.95
2026-03-30T10:12:06+00:00,726.0,MANEUVER,0.797,13.03,4622.2,176.23,765.11,46.44,109.6,29.15,0.2415,14.03
2026-03-30T10:12:07+00:00,727.0,MANEUVER,0.8035,13.08,4650.5,176.54,769.09,46.59,109.64,29.54,0.2497,13.98
2026-03-30T10:12:08+00:00,728.0,MANEUVER,0.8095,12.89,4693.3,176.68,772.8,46.48,109.99,29.79,0.26,13.97
2026-03-30T10:12:09+00:00,729.0,MANEUVER,0.8147,12.89,4725.9,176.89,773.37,47.44,109.8,30.29,0.2665,13.99
2026-03-30T10:12:10+00:00,730.0,MANEUVER,0.8193,13.04,4733.1,176.84,778.74,47.45,110.02,30.48,0.2568,14.02
2026-03-30T10:12:11+00:00,731.0,MANEUVER,0.8231,13.01,4755.9,177.34,779.45,47.24,110.09,30.52,0.2474,14.01
2026-03-30T10:12:12+00:00,732.0,MANEUVER,0.8261,13.05,4770.5,177.56,783.64,47.78,110.12,30.79,0.2527,13.98
2026-03-30T10:12:13+00:00,733.0,MANEUVER,0.8283,12.98,4800.2,177.86,786.33,47.79,110.0,30.95,0.2677,14.02
2026-03-30T10:12:14+00:00,734.0,MANEUVER,0.8296,13.03,4797.1,178.24,787.9,48.23,110.17,30.97,0.2477,14.0
2026-03-30T10:12:15+00:00,735.0,MANEUVER,0.83,13.02,4820.2,178.0,787.4,48.09,110.36,31.05,0.2592,13.97
2026-03-30T10:12:16+00:00,736.0,MANEUVER,0.8296,13.08,4817.9,177.87,788.21,48.03,110.71,31.39,0.2566,13.97
2026-03-30T10:12:17+00:00,737.0,MANEUVER,0.8283,13.08,4804.8,177.22,787.85,48.16,110.93,31.24,0.2591,14.0
2026-03-30T10:12:18+00:00,738.0,MANEUVER,0.8261,12.84,4797.2,177.68,787.84,48.28,110.91,31.06,0.2477,13.99
2026-03-30T10:12:19+00:00,739.0,MANEUVER,0.8231,12.78,4785.6,177.41,787.07,48.37,110.83,31.13,0.2368,13.95
2026-03-30T10:12:20+00:00,740.0,MANEUVER,0.8193,13.1,4767.4,177.69,783.98,48.17,110.69,30.6,0.264,14.02
2026-03-30T10:12:21+00:00,741.0,MANEUVER,0.8147,13.12,4758.8,178.04,784.99,48.16,110.98,30.93,0.2686,13.98
2026-03-30T10:12:22+00:00,742.0,MANEUVER,0.8095,12.9,4732.1,178.47,783.48,48.15,110.93,30.14,0.2337,14.04
2026-03-30T10:12:23+00:00,743.0,MANEUVER,0.8035,12.81,4697.6,178.14,781.1,47.89,111.21,29.85,0.2573,13.95
2026-03-30T10:12:24+00:00,744.0,MANEUVER,0.797,13.01,4679.9,178.26,778.52,47.59,111.34,29.5,0.2646,13.98
2026-03-30T10:12:25+00:00,745.0,MANEUVER,0.79,13.09,4643.7,179.07,776.87,46.98,111.44,29.22,0.2563,13.97
2026-03-30T10:12:26+00:00,746.0,MANEUVER,0.7825,13.18,4617.0,179.85,773.24,47.04,111.44,28.96,0.2423,13.96
2026-03-30T10:12:27+00:00,747.0,MANEUVER,0.7747,13.05,4584.7,180.3,767.92,46.85,111.58,28.44,0.2337,13.97
2026-03-30T10:12:28+00:00,748.0,MANEUVER,0.7666,12.96,4550.5,180.46,766.22,46.53,111.62,28.34,0.2437,14.04
2026-03-30T10:12:29+00:00,749.0,MANEUVER,0.7584,12.91,4537.5,180.05,764.06,46.72,111.6,27.86,0.2446,13.99
2026-03-30T10:12:30+00:00,750.0,MANEUVER,0.75,13.0,4496.8,180.33,760.56,46.04,111.73,27.43,0.2401,13.96
2026-03-30T10:12:31+00:00,751.0,MANEUVER,0.7416,12.97,4458.9,180.23,755.81,46.3,111.73,26.84,0.2343,13.93
2026-03-30T10:12:32+00:00,752.0,MANEUVER,0.7334,12.9,4404.9,180.41,752.73,45.9,111.62,26.53,0.2201,13.94
2026-03-30T10:12:33+00:00,753.0,MANEUVER,0.7253,13.2,4368.3,180.09,747.7,45.64,111.73,26.06,0.2358,13.97
2026-03-30T10:12:34+00:00,754.0,MANEUVER,0.7175,13.18,4339.1,179.94,743.59,45.22,111.73,25.66,0.2344,13.97
2026-03-30T10:12:35+00:00,755.0,MANEUVER,0.71,13.11,4297.8,179.92,739.95,44.54,111.81,25.23,0.2286,13.98
2026-03-30T10:12:36+00:00,756.0,MANEUVER,0.703,12.91,4276.5,179.9,738.27,44.45,111.73,25.49,0.2261,13.92
2026-03-30T10:12:37+00:00,757.0,MANEUVER,0.6965,13.09,4234.3,179.98,734.8,44.42,111.55,24.67,0.2424,13.98
2026-03-30T10:12:38+00:00,758.0,MANEUVER,0.6905,13.06,4206.9,179.61,731.41,44.39,111.81,24.21,0.213,14.02
2026-03-30T10:12:39+00:00,759.0,MANEUVER,0.6853,13.04,4178.8,178.94,731.16,44.07,112.02,24.06,0.2342,14.03
2026-03-30T10:12:40+00:00,760.0,MANEUVER,0.6807,13.12,4160.3,179.46,728.49,43.31,112.14,23.96,0.2088,13.93
2026-03-30T10:12:41+00:00,761.0,MANEUVER,0.6769,13.06,4136.0,180.3,726.01,42.96,112.06,23.84,0.2295,13.96
2026-03-30T10:12:42+00:00,762.0,MANEUVER,0.6739,13.07,4119.9,180.3,723.0,43.61,112.0,23.69,0.23,13.96
2026-03-30T10:12:43+00:00,763.0,MANEUVER,0.6717,13.06,4107.1,179.58,720.27,43.16,112.18,23.59,0.2109,13.99
2026-03-30T10:12:44+00:00,764.0,MANEUVER,0.6704,13.03,4093.6,179.1,716.2,43.5,112.1,23.29,0.2336,13.95
2026-03-30T10:12:45+00:00,765.0,MANEUVER,0.67,12.82,4095.5,179.14,716.96,43.12,111.98,23.44,0.2194,14.03
2026-03-30T10:12:46+00:00,766.0,MANEUVER,0.6704,13.01,4095.5,179.52,716.99,43.06,112.24,23.26,0.2033,13.98
2026-03-30T10:12:47+00:00,767.0,MANEUVER,0.6717,12.94,4095.8,178.87,716.4,43.23,112.2,23.33,0.2094,13.98
2026-03-30T10:12:48+00:00,768.0,MANEUVER,0.6739,12.87,4097.9,178.67,716.28,42.96,112.44,23.33,0.2276,14.03
2026-03-30T10:12:49+00:00,769.0,MANEUVER,0.6769,13.17,4115.5,178.62,717.75,43.47,112.2,23.45,0.2262,13.98
2026-03-30T10:12:50+00:00,770.0,MANEUVER,0.6807,13.17,4124.6,178.85,716.54,43.41,112.26,23.91,0.203,14.0
2026-03-30T10:12:51+00:00,771.0,MANEUVER,0.6853,13.14,4138.8,178.6,717.41,43.49,112.55,24.02,0.215,13.96
2026-03-30T10:12:52+00:00,772.0,MANEUVER,0.6905,13.03,4161.0,177.88,718.04,43.42,112.53,24.29,0.2205,13.94
2026-03-30T10:12:53+00:00,773.0,MANEUVER,0.6965,13.14,4198.2,178.07,722.82,43.71,112.47,24.48,0.2142,13.97
2026-03-30T10:12:54+00:00,774.0,MANEUVER,0.703,13.0,4207.4,178.47,725.95,44.16,112.28,24.77,0.2493,14.05
2026-03-30T10:12:55+00:00,775.0,MANEUVER,0.71,13.02,4244.5,178.38,725.44,44.09,112.43,24.74,0.2261,14.0
2026-03-30T10:12:56+00:00,776.0,MANEUVER,0.7175,12.89,4258.7,178.51,726.82,44.56,112.31,25.36,0.2236,13.99
2026-03-30T10:12:57+00:00,777.0,MANEUVER,0.7253,13.04,4300.2,178.31,730.56,44.37,112.29,25.66,0.2412,13.96
2026-03-30T10:12:58+00:00,778.0,MANEUVER,0.7334,13.01,4350.2,177.98,733.91,44.75,112.11,26.2,0.2256,14.01
2026-03-30T10:12:59+00:00,779.0,MANEUVER,0.7416,12.87,4385.6,178.42,736.34,44.98,112.35,26.55,0.2444,13.95
2026-03-30T10:13:00+00:00,780.0,MANEUVER,0.75,12.99,4419.7,178.62,743.14,44.81,112.54,26.73,0.2146,13.94
2026-03-30T10:13:01+00:00,781.0,MANEUVER,0.7584,12.99,4449.9,178.87,747.15,45.11,112.55,27.01,0.2312,13.97
2026-03-30T10:13:02+00:00,782.0,MANEUVER,0.7666,13.18,4488.5,179.54,751.38,45.36,112.4,27.54,0.2517,14.05
2026-03-30T10:13:03+00:00,783.0,MANEUVER,0.7747,13.09,4524.0,179.19,754.05,45.36,112.65,28.13,0.2604,14.05
2026-03-30T10:13:04+00:00,784.0,MANEUVER,0.7825,13.0,4555.3,179.06,758.66,45.76,112.63,28.51,0.2344,13.98
2026-03-30T10:13:05+00:00,785.0,MANEUVER,0.79,13.02,4591.9,179.23,761.64,46.05,112.49,28.6,0.2354,13.97
2026-03-30T10:13:06+00:00,786.0,MANEUVER,0.797,13.0,4630.2,179.13,764.83,46.29,112.26,29.06,0.2554,13.94
2026-03-30T10:13:07+00:00,787.0,MANEUVER,0.8035,12.98,4656.6,179.59,769.03,46.51,112.21,29.41,0.243,13.99
2026-03-30T10:13:08+00:00,788.0,MANEUVER,0.8095,12.89,4683.0,179.65,770.11,46.73,112.04,29.77,0.249,14.0
2026-03-30T10:13:09+00:00,789.0,MANEUVER,0.8147,12.98,4703.9,179.4,775.47,46.84,112.0,29.87,0.2642,14.01
2026-03-30T10:13:10+00:00,790.0,MANEUVER,0.8193,12.93,4738.7,179.59,778.23,47.12,112.17,30.2,0.2495,14.02
2026-03-30T10:13:11+00:00,791.0,MANEUVER,0.8231,12.87,4766.3,179.83,782.03,47.17,112.17,30.57,0.2342,13.99
2026-03-30T10:13:12+00:00,792.0,MANEUVER,0.8261,13.05,4784.7,180.37,782.39,48.06,112.29,30.9,0.2434,14.01
2026-03-30T10:13:13+00:00,793.0,MANEUVER,0.8283,13.04,4804.8,180.69,783.13,47.65,112.24,30.9,0.2605,13.97
2026-03-30T10:13:14+00:00,794.0,MANEUVER,0.8296,12.82,4811.0,181.02,783.47,47.61,112.31,31.13,0.2384,14.01
2026-03-30T10:13:15+00:00,795.0,MANEUVER,0.83,12.99,4817.6,181.29,785.53,47.6,112.66,31.36,0.2577,13.98
2026-03-30T10:13:16+00:00,796.0,MANEUVER,0.8296,13.1,4819.3,181.35,786.78,48.24,112.67,31.01,0.2446,14.01
2026-03-30T10:13:17+00:00,797.0,MANEUVER,0.8283,13.11,4814.1,181.2,786.86,47.76,112.79,31.11,0.2806,14.0
2026-03-30T10:13:18+00:00,798.0,MANEUVER,0.8261,13.1,4803.1,181.45,785.97,47.89,112.61,31.17,0.2862,13.99
2026-03-30T10:13:19+00:00,799.0,MANEUVER,0.8231,13.0,4812.7,181.43,784.64,47.93,112.89,30.97,0.2479,14.01
2026-03-30T10:13:20+00:00,800.0,MANEUVER,0.8193,12.92,4787.9,182.21,784.6,47.91,112.87,30.69,0.2621,13.94
2026-03-30T10:13:21+00:00,801.0,MANEUVER,0.8147,12.89,4763.3,182.82,783.46,48.05,113.08,30.68,0.2458,13.96
2026-03-30T10:13:22+00:00,802.0,MANEUVER,0.8095,13.03,4747.7,183.12,781.73,48.08,113.11,30.24,0.2524,13.98
2026-03-30T10:13:23+00:00,803.0,MANEUVER,0.8035,13.04,4725.1,183.3,782.4,47.61,113.25,30.17,0.2762,13.95
2026-03-30T10:13:24+00:00,804.0,MANEUVER,0.797,13.13,4685.7,183.27,780.08,47.37,113.39,29.66,0.2463,13.98
2026-03-30T10:13:25+00:00,805.0,MANEUVER,0.79,13.11,4670.2,182.76,779.13,46.68,113.36,29.3,0.2473,13.98
2026-03-30T10:13:26+00:00,806.0,MANEUVER,0.7825,12.99,4635.9,182.66,775.26,46.64,113.55,29.04,0.2371,14.03
2026-03-30T10:13:27+00:00,807.0,MANEUVER,0.7747,12.88,4592.8,182.67,772.33,46.29,113.45,28.56,0.2593,13.99
2026-03-30T10:13:28+00:00,808.0,MANEUVER,0.7666,12.97,4571.1,182.72,768.85,46.15,113.59,28.36,0.2048,14.02
2026-03-30T10:13:29+00:00,809.0,MANEUVER,0.7584,13.02,4537.1,182.85,763.32,45.61,113.54,27.74,0.2363,14.0
2026-03-30T10:13:30+00:00,810.0,MANEUVER,0.75,12.98,4486.0,183.13,761.97,45.67,113.6,27.33,0.2378,13.97
2026-03-30T10:13:31+00:00,811.0,MANEUVER,0.7416,12.94,4465.6,182.74,758.03,45.12,113.54,27.02,0.2289,13.99
2026-03-30T10:13:32+00:00,812.0,MANEUVER,0.7334,13.03,4427.8,182.34,755.2,45.16,113.54,26.73,0.2447,14.01
2026-03-30T10:13:33+00:00,813.0,MANEUVER,0.7253,12.95,4385.2,182.8,750.26,44.73,113.37,26.04,0.2461,14.02
2026-03-30T10:13:34+00:00,814.0,MANEUVER,0.7175,12.94,4358.8,182.94,746.41,44.49,113.41,26.03,0.2129,13.98
2026-03-30T10:13:35+00:00,815.0,MANEUVER,0.71,13.03,4317.3,182.61,741.83,44.74,113.4,25.55,0.2524,13.94
2026-03-30T10:13:36+00:00,816.0,MANEUVER,0.703,12.96,4279.0,182.38,740.11,44.65,113.3,24.91,0.2078,13.93
2026-03-30T10:13:37+00:00,817.0,MANEUVER,0.6965,13.02,4239.9,182.15,736.92,44.64,113.27,24.92,0.238,13.98
2026-03-30T10:13:38+00:00,818.0,MANEUVER,0.6905,13.03,4216.7,181.96,733.91,44.67,113.27,24.83,0.2228,13.91
2026-03-30T10:13:39+00:00,819.0,MANEUVER,0.6853,12.89,4192.3,181.94,732.21,44.05,113.15,24.4,0.2135,14.04
2026-03-30T10:13:40+00:00,820.0,MANEUVER,0.6807,12.95,4166.1,182.74,730.15,44.17,113.11,24.22,0.213,14.0
2026-03-30T10:13:41+00:00,821.0,MANEUVER,0.6769,13.14,4137.8,182.57,727.75,43.44,112.93,23.78,0.2159,13.96
2026-03-30T10:13:42+00:00,822.0,MANEUVER,0.6739,12.88,4124.0,182.59,722.92,43.49,113.26,23.38,0.2179,13.95
2026-03-30T10:13:43+00:00,823.0,MANEUVER,0.6717,12.79,4110.5,181.66,720.0,43.17,113.38,23.23,0.2036,14.01
2026-03-30T10:13:44+00:00,824.0,MANEUVER,0.6704,12.81,4090.6,181.23,717.36,42.81,113.39,23.4,0.2107,13.95
2026-03-30T10:13:45+00:00,825.0,MANEUVER,0.67,13.0,4078.3,181.5,717.53,42.94,113.53,23.19,0.2036,13.95
2026-03-30T10:13:46+00:00,826.0,MANEUVER,0.6704,13.0,4089.3,181.44,717.05,43.15,113.19,23.22,0.1989,13.96
2026-03-30T10:13:47+00:00,827.0,MANEUVER,0.6717,12.99,4072.5,179.46,714.97,43.25,112.77,23.26,0.2028,13.99
2026-03-30T10:13:48+00:00,828.0,MANEUVER,0.6739,13.12,4091.0,179.58,715.27,43.2,112.68,23.52,0.1999,14.0
2026-03-30T10:13:49+00:00,829.0,MANEUVER,0.6769,12.73,4101.7,180.18,714.17,43.19,112.44,23.32,0.2093,14.02
2026-03-30T10:13:50+00:00,830.0,MANEUVER,0.6807,13.04,4129.9,179.22,715.74,43.36,112.38,23.71,0.2212,14.02
2026-03-30T10:13:51+00:00,831.0,MANEUVER,0.6853,13.16,4140.0,179.7,715.57,43.44,112.39,24.15,0.2182,13.98
2026-03-30T10:13:52+00:00,832.0,MANEUVER,0.6905,12.89,4166.0,178.46,718.68,43.61,112.51,24.01,0.242,14.02
2026-03-30T10:13:53+00:00,833.0,MANEUVER,0.6898,12.9,4169.3,178.74,720.64,43.64,112.32,24.31,0.1919,13.96
2026-03-30T10:13:54+00:00,834.0,MANEUVER,0.6896,12.79,4174.7,178.63,723.84,43.84,112.35,24.14,0.2244,13.93
2026-03-30T10:13:55+00:00,835.0,MANEUVER,0.69,12.71,4183.3,177.58,724.89,43.36,112.33,24.35,0.2193,13.96
2026-03-30T10:13:56+00:00,836.0,MANEUVER,0.6908,12.7,4179.8,177.69,724.21,43.44,112.36,24.43,0.2288,13.96
2026-03-30T10:13:57+00:00,837.0,MANEUVER,0.6919,12.81,4192.3,178.07,725.41,43.21,112.26,24.47,0.2284,13.97
2026-03-30T10:13:58+00:00,838.0,MANEUVER,0.6934,12.78,4185.9,178.14,723.77,43.46,112.45,24.48,0.2175,13.96
2026-03-30T10:13:59+00:00,839.0,MANEUVER,0.695,12.5,4196.4,178.29,723.24,43.98,112.41,24.27,0.2222,13.97
2026-03-30T10:14:00+00:00,840.0,CRUISE,0.6967,12.66,4210.6,178.04,724.7,43.79,112.65,24.73,0.212,14.0
2026-03-30T10:14:01+00:00,841.0,CRUISE,0.69,12.4,4201.1,177.2,721.82,43.81,112.5,24.26,0.2275,14.04
2026-03-30T10:14:02+00:00,842.0,CRUISE,0.6833,12.51,4191.5,177.38,721.5,43.95,112.58,24.25,0.1968,13.93
2026-03-30T10:14:03+00:00,843.0,CRUISE,0.6767,12.26,4150.5,177.97,719.09,43.22,112.53,23.88,0.2263,13.95
2026-03-30T10:14:04+00:00,844.0,CRUISE,0.67,12.21,4109.8,178.28,717.8,43.06,112.45,23.55,0.2142,13.96
2026-03-30T10:14:05+00:00,845.0,CRUISE,0.6633,12.17,4077.3,177.31,714.56,43.1,112.5,23.22,0.2067,14.01
2026-03-30T10:14:06+00:00,846.0,CRUISE,0.6567,12.38,4059.2,176.55,713.25,42.26,112.4,22.82,0.2086,13.98
2026-03-30T10:14:07+00:00,847.0,CRUISE,0.65,12.09,4033.9,176.06,710.85,42.2,111.95,22.48,0.2079,13.96
2026-03-30T10:14:08+00:00,848.0,CRUISE,0.65,11.93,4017.8,175.28,710.71,42.67,111.43,22.71,0.2245,14.0
2026-03-30T10:14:09+00:00,849.0,CRUISE,0.65,12.1,3999.7,175.18,708.96,42.88,111.58,22.5,0.2468,14.01
2026-03-30T10:14:10+00:00,850.0,CRUISE,0.65,11.96,4005.5,175.22,706.74,42.85,111.72,22.68,0.223,13.98
2026-03-30T10:14:11+00:00,851.0,CRUISE,0.65,11.95,3992.6,174.53,705.75,42.91,111.95,22.42,0.2009,13.96
2026-03-30T10:14:12+00:00,852.0,CRUISE,0.65,12.09,4005.0,174.75,703.8,42.82,111.89,22.3,0.2159,13.99
2026-03-30T10:14:13+00:00,853.0,CRUISE,0.65,12.0,4025.0,174.88,704.5,42.92,111.65,22.77,0.2174,13.98
2026-03-30T10:14:14+00:00,854.0,CRUISE,0.65,12.03,4015.3,174.56,705.21,42.74,111.53,22.51,0.1977,13.98
2026-03-30T10:14:15+00:00,855.0,CRUISE,0.65,12.0,4012.1,174.39,707.97,42.74,111.48,22.6,0.1935,13.97
2026-03-30T10:14:16+00:00,856.0,CRUISE,0.65,12.03,4001.8,173.51,706.22,42.53,111.28,22.39,0.2074,14.01
2026-03-30T10:14:17+00:00,857.0,CRUISE,0.65,12.04,3986.0,173.31,705.38,42.83,111.48,22.64,0.217,13.99
2026-03-30T10:14:18+00:00,858.0,CRUISE,0.65,11.81,3987.5,173.25,704.32,43.06,111.76,22.27,0.1881,14.01
2026-03-30T10:14:19+00:00,859.0,CRUISE,0.65,12.07,3984.4,173.26,704.59,43.15,111.78,22.33,0.1986,14.02
2026-03-30T10:14:20+00:00,860.0,CRUISE,0.65,11.9,3980.0,173.35,704.93,42.75,111.72,22.37,0.2139,14.0
2026-03-30T10:14:21+00:00,861.0,CRUISE,0.65,11.86,4003.0,173.37,704.67,42.45,111.47,22.33,0.2087,13.97
2026-03-30T10:14:22+00:00,862.0,CRUISE,0.65,11.99,4003.3,173.2,705.9,42.82,111.65,22.55,0.2252,14.01
2026-03-30T10:14:23+00:00,863.0,CRUISE,0.65,12.01,4004.3,173.26,704.75,42.86,111.61,22.74,0.1913,14.0
2026-03-30T10:14:24+00:00,864.0,CRUISE,0.65,11.93,3999.3,173.6,705.81,42.83,111.51,22.4,0.2362,14.06
2026-03-30T10:14:25+00:00,865.0,CRUISE,0.65,12.08,3997.8,173.49,706.08,42.56,111.53,22.52,0.1895,13.99
2026-03-30T10:14:26+00:00,866.0,CRUISE,0.65,11.87,4006.1,173.54,705.55,42.7,111.39,22.1,0.184,14.0
2026-03-30T10:14:27+00:00,867.0,CRUISE,0.65,11.96,4002.4,173.4,704.84,42.39,111.36,22.48,0.2075,13.99
2026-03-30T10:14:28+00:00,868.0,CRUISE,0.65,11.94,4005.0,173.07,707.61,42.66,111.1,22.46,0.1947,13.98
2026-03-30T10:14:29+00:00,869.0,CRUISE,0.65,12.0,4000.6,173.22,705.72,42.99,111.21,22.36,0.2076,13.97
2026-03-30T10:14:30+00:00,870.0,CRUISE,0.65,12.03,3997.1,172.94,705.71,43.25,111.15,22.62,0.207,13.99
2026-03-30T10:14:31+00:00,871.0,CRUISE,0.65,11.9,3986.8,173.04,704.38,43.14,111.27,22.35,0.205,14.0
2026-03-30T10:14:32+00:00,872.0,CRUISE,0.65,12.07,3976.9,173.0,706.51,42.53,111.19,22.31,0.1968,14.02
2026-03-30T10:14:33+00:00,873.0,CRUISE,0.65,12.01,3985.6,172.82,706.96,42.59,111.12,22.33,0.2125,13.99
2026-03-30T10:14:34+00:00,874.0,CRUISE,0.65,11.81,3992.6,172.64,705.34,43.14,110.89,22.14,0.2039,13.97
2026-03-30T10:14:35+00:00,875.0,CRUISE,0.65,11.8,3985.5,172.39,705.6,42.7,110.96,22.22,0.2205,13.97
2026-03-30T10:14:36+00:00,876.0,CRUISE,0.65,12.0,3991.8,171.69,705.55,42.66,110.78,22.57,0.2055,13.94
2026-03-30T10:14:37+00:00,877.0,CRUISE,0.65,11.98,3995.8,171.83,704.59,43.03,110.66,22.13,0.1962,14.03
2026-03-30T10:14:38+00:00,878.0,CRUISE,0.65,11.99,3980.1,171.9,705.41,43.01,110.61,22.24,0.1868,13.97
2026-03-30T10:14:39+00:00,879.0,CRUISE,0.65,12.0,3982.0,172.21,705.56,43.48,110.59,22.31,0.2051,14.01
2026-03-30T10:14:40+00:00,880.0,CRUISE,0.65,12.02,3993.6,171.97,705.49,43.01,110.29,22.7,0.1925,13.99
2026-03-30T10:14:41+00:00,881.0,CRUISE,0.65,12.09,3999.3,172.7,705.16,42.68,110.22,22.59,0.1918,13.99
2026-03-30T10:14:42+00:00,882.0,CRUISE,0.65,11.89,3990.0,172.5,705.41,43.0,110.3,22.33,0.2139,13.98
2026-03-30T10:14:43+00:00,883.0,CRUISE,0.65,11.88,3995.7,172.11,705.35,42.61,110.21,22.65,0.1865,13.96
2026-03-30T10:14:44+00:00,884.0,CRUISE,0.65,11.89,4005.5,171.68,705.12,42.66,110.13,22.4,0.2253,13.95
2026-03-30T10:14:45+00:00,885.0,CRUISE,0.65,12.03,4008.6,170.97,704.17,42.73,110.12,22.68,0.2104,14.03
2026-03-30T10:14:46+00:00,886.0,CRUISE,0.65,12.12,4003.2,171.59,706.32,43.04,110.06,22.29,0.2077,13.99
2026-03-30T10:14:47+00:00,887.0,CRUISE,0.65,11.96,3997.4,172.12,704.49,43.12,109.87,22.62,0.1955,14.02
2026-03-30T10:14:48+00:00,888.0,CRUISE,0.65,11.75,3993.2,172.33,704.88,43.12,109.83,22.37,0.2169,14.02
2026-03-30T10:14:49+00:00,889.0,CRUISE,0.65,11.83,3999.8,171.93,704.3,42.91,109.95,22.32,0.208,13.97
2026-03-30T10:14:50+00:00,890.0,CRUISE,0.65,11.92,4001.0,172.63,706.42,43.21,109.76,22.45,0.1999,14.0
2026-03-30T10:14:51+00:00,891.0,CRUISE,0.65,11.94,4005.1,172.44,704.75,44.11,109.67,22.55,0.2107,13.98
2026-03-30T10:14:52+00:00,892.0,CRUISE,0.65,11.96,4003.2,172.29,703.76,43.83,109.43,22.42,0.188,13.95
2026-03-30T10:14:53+00:00,893.0,CRUISE,0.65,12.0,4007.7,172.83,702.79,43.52,109.55,22.61,0.1888,13.98
2026-03-30T10:14:54+00:00,894.0,CRUISE,0.65,11.97,4004.3,173.04,703.63,42.98,109.51,22.41,0.1948,14.0
2026-03-30T10:14:55+00:00,895.0,CRUISE,0.65,12.1,4008.0,173.87,702.25,42.83,109.36,22.62,0.2126,13.97
2026-03-30T10:14:56+00:00,896.0,CRUISE,0.65,11.93,4010.6,173.89,702.28,42.86,109.36,22.61,0.2085,13.97
2026-03-30T10:14:57+00:00,897.0,CRUISE,0.65,11.91,3998.6,173.65,700.27,42.77,109.15,22.46,0.2206,13.98
2026-03-30T10:14:58+00:00,898.0,CRUISE,0.65,12.05,3984.3,173.33,701.72,42.83,108.98,22.32,0.1962,14.05
2026-03-30T10:14:59+00:00,899.0,CRUISE,0.65,11.85,4003.8,172.53,701.83,43.38,108.74,22.52,0.2151,13.93
2026-03-30T10:15:00+00:00,900.0,CRUISE,0.65,12.04,4003.6,172.37,700.79,43.59,108.57,22.58,0.2069,14.0
2026-03-30T10:15:01+00:00,901.0,CRUISE,0.65,12.01,3987.7,172.8,703.1,43.31,108.76,22.71,0.1961,13.97
2026-03-30T10:15:02+00:00,902.0,CRUISE,0.65,11.99,3987.5,172.99,701.87,42.89,108.63,22.54,0.212,13.96
2026-03-30T10:15:03+00:00,903.0,CRUISE,0.65,12.16,3999.3,172.94,703.6,43.3,108.69,22.62,0.2072,13.97
2026-03-30T10:15:04+00:00,904.0,CRUISE,0.65,11.94,3996.9,172.49,702.96,43.2,108.55,22.92,0.2003,14.0
2026-03-30T10:15:05+00:00,905.0,CRUISE,0.65,12.21,3993.9,172.55,705.35,42.71,108.65,22.52,0.2082,14.0
2026-03-30T10:15:06+00:00,906.0,CRUISE,0.65,11.98,4007.6,172.91,705.98,43.07,108.49,22.59,0.2069,13.99
2026-03-30T10:15:07+00:00,907.0,CRUISE,0.65,11.87,3995.1,173.03,704.27,43.33,108.48,22.55,0.2059,14.02
2026-03-30T10:15:08+00:00,908.0,CRUISE,0.65,12.01,3990.6,173.04,703.2,42.61,108.48,22.27,0.2026,14.02
2026-03-30T10:15:09+00:00,909.0,CRUISE,0.65,11.89,3996.4,172.66,704.22,42.57,108.82,22.39,0.1922,14.01
2026-03-30T10:15:10+00:00,910.0,CRUISE,0.65,11.92,4000.8,172.96,703.93,42.73,108.9,22.41,0.209,13.97
2026-03-30T10:15:11+00:00,911.0,CRUISE,0.65,12.04,4003.9,171.66,703.88,43.06,108.79,22.6,0.1986,14.0
2026-03-30T10:15:12+00:00,912.0,CRUISE,0.65,12.06,4008.9,171.79,705.59,42.95,108.87,22.5,0.1962,14.0
2026-03-30T10:15:13+00:00,913.0,CRUISE,0.65,11.94,4005.7,172.8,704.34,42.77,109.18,22.53,0.2054,13.96
2026-03-30T10:15:14+00:00,914.0,CRUISE,0.65,12.1,4006.4,172.15,704.51,43.08,108.91,22.68,0.2172,13.94
2026-03-30T10:15:15+00:00,915.0,CRUISE,0.65,12.12,4000.7,172.02,705.67,42.96,108.76,22.61,0.2103,13.92
2026-03-30T10:15:16+00:00,916.0,CRUISE,0.65,12.14,4000.4,172.0,706.33,43.14,108.71,22.45,0.2017,13.98
2026-03-30T10:15:17+00:00,917.0,CRUISE,0.65,12.05,4000.6,171.79,705.61,42.84,108.63,22.38,0.2012,13.99
2026-03-30T10:15:18+00:00,918.0,CRUISE,0.65,12.14,4001.6,172.18,704.97,42.61,108.57,22.66,0.2158,13.95
2026-03-30T10:15:19+00:00,919.0,CRUISE,0.65,11.81,4006.5,172.34,702.67,43.02,108.36,22.63,0.1796,14.01
2026-03-30T10:15:20+00:00,920.0,CRUISE,0.65,11.97,4007.3,172.36,701.89,43.14,108.56,22.28,0.218,13.99
2026-03-30T10:15:21+00:00,921.0,CRUISE,0.65,11.91,4003.7,172.64,702.96,43.38,108.33,22.45,0.1857,14.02
2026-03-30T10:15:22+00:00,922.0,CRUISE,0.65,12.01,3994.9,172.6,703.2,43.14,108.29,22.47,0.1908,13.99
2026-03-30T10:15:23+00:00,923.0,CRUISE,0.65,11.94,3997.5,173.83,703.61,42.93,108.44,22.58,0.2017,13.95
2026-03-30T10:15:24+00:00,924.0,CRUISE,0.65,11.98,3998.0,173.81,705.07,43.34,108.43,22.6,0.234,14.0
2026-03-30T10:15:25+00:00,925.0,CRUISE,0.65,12.19,4000.1,173.82,703.52,42.89,108.28,22.52,0.2282,14.0
2026-03-30T10:15:26+00:00,926.0,CRUISE,0.65,11.98,4017.2,173.05,703.51,43.37,108.07,22.67,0.2174,13.97
2026-03-30T10:15:27+00:00,927.0,CRUISE,0.65,12.04,4004.2,172.78,704.01,43.64,108.03,22.51,0.2125,13.94
2026-03-30T10:15:28+00:00,928.0,CRUISE,0.65,11.98,4005.1,173.19,703.28,43.7,107.91,22.41,0.186,13.99
2026-03-30T10:15:29+00:00,929.0,CRUISE,0.65,12.01,4010.7,172.6,705.33,43.37,107.94,22.5,0.2105,13.95
2026-03-30T10:15:30+00:00,930.0,CRUISE,0.65,12.0,4005.8,171.69,706.17,43.13,107.72,22.51,0.2017,14.02
2026-03-30T10:15:31+00:00,931.0,CRUISE,0.65,12.04,4021.2,171.68,706.07,43.18,107.84,22.6,0.1993,13.97
2026-03-30T10:15:32+00:00,932.0,CRUISE,0.65,12.12,4007.4,172.22,707.8,42.89,107.86,22.24,0.2103,14.03
2026-03-30T10:15:33+00:00,933.0,CRUISE,0.65,12.16,4005.9,172.21,705.1,42.8,107.88,22.45,0.2027,13.92
2026-03-30T10:15:34+00:00,934.0,CRUISE,0.65,12.03,3996.2,172.04,704.9,43.1,108.09,22.46,0.2183,13.99
2026-03-30T10:15:35+00:00,935.0,CRUISE,0.65,12.06,3994.8,171.27,705.21,43.29,108.02,22.4,0.1845,14.03
2026-03-30T10:15:36+00:00,936.0,CRUISE,0.65,11.88,3998.9,171.44,703.84,43.0,107.9,22.43,0.2089,13.96
2026-03-30T10:15:37+00:00,937.0,CRUISE,0.65,11.99,4005.7,171.7,704.37,43.28,107.81,22.58,0.1978,13.98
2026-03-30T10:15:38+00:00,938.0,CRUISE,0.65,12.09,4005.0,170.97,703.09,43.39,107.78,22.34,0.2034,13.97
2026-03-30T10:15:39+00:00,939.0,CRUISE,0.65,12.09,4012.2,171.42,704.34,43.74,107.76,22.31,0.2123,13.96
2026-03-30T10:15:40+00:00,940.0,CRUISE,0.65,12.02,4005.0,171.72,705.64,43.71,107.63,22.45,0.1949,13.99
2026-03-30T10:15:41+00:00,941.0,CRUISE,0.65,12.09,3999.5,172.16,705.65,43.82,107.33,22.59,0.21,13.94
2026-03-30T10:15:42+00:00,942.0,CRUISE,0.65,12.05,4020.9,172.36,703.12,43.81,107.25,22.86,0.2066,13.98
2026-03-30T10:15:43+00:00,943.0,CRUISE,0.65,12.12,4013.4,172.59,702.39,43.9,107.31,22.67,0.2008,14.0
2026-03-30T10:15:44+00:00,944.0,CRUISE,0.65,12.03,4000.7,172.75,703.65,43.35,107.33,22.26,0.2024,13.98
2026-03-30T10:15:45+00:00,945.0,CRUISE,0.65,11.96,3994.3,173.05,703.86,43.28,107.52,22.41,0.2059,13.95
2026-03-30T10:15:46+00:00,946.0,CRUISE,0.65,12.03,3989.1,172.27,700.78,43.23,107.81,22.45,0.1983,14.01
2026-03-30T10:15:47+00:00,947.0,CRUISE,0.65,11.71,4001.4,171.63,703.2,43.16,107.92,22.51,0.2082,14.0
2026-03-30T10:15:48+00:00,948.0,CRUISE,0.65,12.04,3997.4,171.32,703.71,43.28,108.12,22.54,0.2046,13.95
2026-03-30T10:15:49+00:00,949.0,CRUISE,0.65,11.64,3999.2,171.25,702.8,43.39,108.22,22.33,0.2007,13.94
2026-03-30T10:15:50+00:00,950.0,CRUISE,0.65,11.83,3998.6,171.4,704.38,43.38,108.47,22.48,0.227,13.95
2026-03-30T10:15:51+00:00,951.0,CRUISE,0.65,12.05,4004.7,171.52,703.6,43.22,108.73,22.57,0.2133,14.0
2026-03-30T10:15:52+00:00,952.0,CRUISE,0.65,12.05,3995.2,171.95,703.01,42.96,108.86,22.57,0.2032,13.99
2026-03-30T10:15:53+00:00,953.0,CRUISE,0.65,11.88,3988.5,172.39,703.77,43.23,108.94,22.29,0.2092,14.01
2026-03-30T10:15:54+00:00,954.0,CRUISE,0.65,11.93,3995.4,172.0,706.06,43.23,108.89,22.4,0.1955,13.97
2026-03-30T10:15:55+00:00,955.0,CRUISE,0.65,12.14,4002.0,172.07,707.59,42.91,108.87,22.08,0.2029,13.95
2026-03-30T10:15:56+00:00,956.0,CRUISE,0.65,11.95,4003.2,171.7,707.1,42.93,108.8,22.4,0.2044,14.01
2026-03-30T10:15:57+00:00,957.0,CRUISE,0.65,12.22,3994.7,171.61,706.96,42.52,108.87,22.37,0.1928,13.97
2026-03-30T10:15:58+00:00,958.0,CRUISE,0.65,12.0,4002.3,171.73,707.19,42.75,108.75,22.34,0.2128,13.99
2026-03-30T10:15:59+00:00,959.0,CRUISE,0.65,12.04,3994.7,170.34,704.89,42.82,108.7,22.47,0.2017,13.94
2026-03-30T10:16:00+00:00,960.0,CRUISE,0.65,12.16,3992.7,171.33,705.57,42.78,108.32,22.42,0.2034,13.97
2026-03-30T10:16:01+00:00,961.0,CRUISE,0.65,12.01,3988.2,171.55,704.34,43.27,108.57,22.07,0.2006,14.01
2026-03-30T10:16:02+00:00,962.0,CRUISE,0.65,11.9,4003.9,171.3,704.71,42.93,108.52,22.53,0.2437,13.96
2026-03-30T10:16:03+00:00,963.0,CRUISE,0.65,11.99,4006.6,172.06,704.36,43.19,108.57,22.38,0.2004,14.01
2026-03-30T10:16:04+00:00,964.0,CRUISE,0.65,12.0,4007.8,171.89,704.98,43.71,108.78,22.6,0.1836,13.91
2026-03-30T10:16:05+00:00,965.0,CRUISE,0.65,11.86,4013.5,171.92,704.94,43.76,108.8,22.37,0.1895,13.97
2026-03-30T10:16:06+00:00,966.0,CRUISE,0.65,11.97,4029.0,171.7,701.14,43.54,109.0,22.66,0.2186,13.98
2026-03-30T10:16:07+00:00,967.0,CRUISE,0.65,11.93,4000.7,172.34,702.25,43.07,108.8,22.44,0.2241,14.03
2026-03-30T10:16:08+00:00,968.0,CRUISE,0.65,12.09,3994.0,172.26,703.65,42.68,109.14,22.49,0.1996,13.95
2026-03-30T10:16:09+00:00,969.0,CRUISE,0.65,12.0,3991.5,172.29,704.39,42.67,109.28,22.44,0.223,14.0
2026-03-30T10:16:10+00:00,970.0,CRUISE,0.65,11.97,3988.4,172.74,704.24,42.59,109.29,22.37,0.2163,14.01
2026-03-30T10:16:11+00:00,971.0,CRUISE,0.65,11.99,3985.0,172.92,706.23,42.5,109.48,22.16,0.205,13.96
2026-03-30T10:16:12+00:00,972.0,CRUISE,0.65,12.02,3989.4,172.85,706.07,42.58,109.28,22.19,0.2044,13.97
2026-03-30T10:16:13+00:00,973.0,CRUISE,0.65,12.06,3984.4,173.25,706.12,42.67,109.22,22.29,0.2094,13.99
2026-03-30T10:16:14+00:00,974.0,CRUISE,0.65,11.9,3994.2,174.2,706.84,42.89,109.42,22.44,0.2183,13.94
2026-03-30T10:16:15+00:00,975.0,CRUISE,0.65,11.9,3997.0,174.23,706.54,42.61,109.12,22.37,0.2127,13.97
2026-03-30T10:16:16+00:00,976.0,CRUISE,0.65,12.11,4001.8,174.19,704.9,42.6,109.19,22.58,0.2,14.02
2026-03-30T10:16:17+00:00,977.0,CRUISE,0.65,11.96,4004.5,174.17,701.82,42.72,109.25,22.46,0.2062,14.0
2026-03-30T10:16:18+00:00,978.0,CRUISE,0.65,11.86,4006.7,174.61,701.95,42.77,109.53,22.37,0.2322,13.98
2026-03-30T10:16:19+00:00,979.0,CRUISE,0.65,12.04,4000.0,174.27,703.57,43.31,109.27,22.43,0.2111,13.99
2026-03-30T10:16:20+00:00,980.0,CRUISE,0.65,12.05,4016.5,174.07,703.43,43.26,109.49,22.61,0.2193,14.0
2026-03-30T10:16:21+00:00,981.0,CRUISE,0.65,11.85,4009.9,173.36,704.63,42.76,109.38,22.58,0.215,14.01
2026-03-30T10:16:22+00:00,982.0,CRUISE,0.65,12.02,3989.7,172.82,704.73,42.92,109.29,22.7,0.2108,13.97
2026-03-30T10:16:23+00:00,983.0,CRUISE,0.65,12.07,3986.2,172.57,706.19,43.06,109.09,22.29,0.2086,14.03
2026-03-30T10:16:24+00:00,984.0,CRUISE,0.65,12.04,3978.6,172.51,705.3,42.96,108.9,22.34,0.2177,14.02
2026-03-30T10:16:25+00:00,985.0,CRUISE,0.65,12.06,3988.7,173.17,705.61,42.66,108.95,22.47,0.2161,14.0
2026-03-30T10:16:26+00:00,986.0,CRUISE,0.65,11.86,3992.7,173.33,705.81,43.24,108.77,22.43,0.2108,13.96
2026-03-30T10:16:27+00:00,987.0,CRUISE,0.65,12.03,3992.1,172.9,707.21,42.87,108.86,22.35,0.1993,13.95
2026-03-30T10:16:28+00:00,988.0,CRUISE,0.65,11.97,4011.6,172.55,704.38,43.15,108.75,22.31,0.2133,13.97
2026-03-30T10:16:29+00:00,989.0,CRUISE,0.65,11.95,4009.9,173.06,703.83,43.21,108.55,22.46,0.2077,13.98
2026-03-30T10:16:30+00:00,990.0,CRUISE,0.65,12.09,4010.4,173.46,705.06,43.35,108.46,22.38,0.2049,13.93
2026-03-30T10:16:31+00:00,991.0,CRUISE,0.65,12.15,3997.4,173.4,706.77,43.68,108.5,22.2,0.2401,14.0
2026-03-30T10:16:32+00:00,992.0,CRUISE,0.65,12.18,3990.2,173.17,706.43,43.57,108.45,22.3,0.1891,14.02
2026-03-30T10:16:33+00:00,993.0,CRUISE,0.65,12.13,3994.8,173.56,705.54,43.24,108.45,22.29,0.2193,14.0
2026-03-30T10:16:34+00:00,994.0,CRUISE,0.65,11.99,3998.3,173.09,706.12,43.46,108.55,22.55,0.1976,13.96
2026-03-30T10:16:35+00:00,995.0,CRUISE,0.65,12.04,3983.8,173.19,706.66,43.11,108.7,22.47,0.2088,13.96
2026-03-30T10:16:36+00:00,996.0,CRUISE,0.65,12.08,3989.8,174.04,705.6,43.11,108.64,22.28,0.2383,13.99
2026-03-30T10:16:37+00:00,997.0,CRUISE,0.65,12.01,3994.4,174.04,705.65,42.78,108.48,22.4,0.1962,13.98
2026-03-30T10:16:38+00:00,998.0,CRUISE,0.65,12.01,3994.9,173.65,706.71,42.64,108.48,22.17,0.1991,14.0
2026-03-30T10:16:39+00:00,999.0,CRUISE,0.65,12.08,3990.4,173.74,708.33,42.81,108.54,22.34,0.2073,14.0
2026-03-30T10:16:40+00:00,1000.0,CRUISE,0.65,11.99,3990.3,173.48,708.09,43.01,108.31,22.48,0.1974,14.02
2026-03-30T10:16:41+00:00,1001.0,CRUISE,0.65,11.93,3993.2,172.85,707.06,42.63,108.17,22.56,0.2183,13.95
2026-03-30T10:16:42+00:00,1002.0,CRUISE,0.65,11.96,3996.8,173.08,706.22,42.97,108.06,22.35,0.2015,13.99
2026-03-30T10:16:43+00:00,1003.0,CRUISE,0.65,12.06,4002.7,173.47,706.4,42.86,108.02,22.65,0.216,13.97
2026-03-30T10:16:44+00:00,1004.0,CRUISE,0.65,12.0,4009.6,173.28,705.71,43.35,107.91,22.31,0.1926,13.98
2026-03-30T10:16:45+00:00,1005.0,CRUISE,0.65,12.03,4002.1,173.07,705.58,43.21,108.01,22.3,0.1865,14.01
2026-03-30T10:16:46+00:00,1006.0,CRUISE,0.65,12.07,3997.0,172.63,704.0,42.93,107.77,22.56,0.2051,14.01
2026-03-30T10:16:47+00:00,1007.0,CRUISE,0.65,11.96,4001.5,172.52,705.66,43.1,107.53,22.74,0.1893,14.02
2026-03-30T10:16:48+00:00,1008.0,CRUISE,0.65,12.08,4005.2,172.26,703.97,42.96,107.48,22.58,0.2265,14.0
2026-03-30T10:16:49+00:00,1009.0,CRUISE,0.65,12.04,3998.7,171.82,703.58,43.41,107.45,22.46,0.1896,13.98
2026-03-30T10:16:50+00:00,1010.0,CRUISE,0.65,11.88,4005.2,172.55,703.9,43.4,107.24,22.18,0.1959,13.97
2026-03-30T10:16:51+00:00,1011.0,CRUISE,0.65,12.14,4010.1,172.7,706.5,43.37,107.15,22.23,0.2135,13.93
2026-03-30T10:16:52+00:00,1012.0,CRUISE,0.65,11.95,4015.0,172.88,705.4,43.56,107.1,22.59,0.2018,14.02
2026-03-30T10:16:53+00:00,1013.0,CRUISE,0.6267,12.1,3970.2,173.13,701.39,43.15,107.04,21.87,0.1874,13.97
2026-03-30T10:16:54+00:00,1014.0,CRUISE,0.6033,12.43,3874.8,173.28,695.7,42.58,107.05,20.83,0.2244,14.0
2026-03-30T10:16:55+00:00,1015.0,CRUISE,0.58,12.7,3781.8,172.9,691.29,42.42,106.93,20.12,0.1824,14.0
2026-03-30T10:16:56+00:00,1016.0,CRUISE,0.5567,13.07,3683.0,172.76,679.82,41.67,107.12,19.24,0.1864,13.94
2026-03-30T10:16:57+00:00,1017.0,CRUISE,0.5333,13.31,3580.6,172.37,670.76,40.94,107.14,18.48,0.1806,13.95
2026-03-30T10:16:58+00:00,1018.0,CRUISE,0.51,13.57,3472.8,172.21,665.75,40.71,106.96,17.47,0.1858,14.02
2026-03-30T10:16:59+00:00,1019.0,CRUISE,0.4867,13.93,3360.1,171.98,656.61,40.19,106.91,16.76,0.177,13.98
2026-03-30T10:17:00+00:00,1020.0,DESCENT,0.4633,14.17,3264.3,171.41,645.03,39.18,106.84,15.8,0.1566,13.96
2026-03-30T10:17:01+00:00,1021.0,DESCENT,0.44,14.43,3157.8,170.43,635.01,38.43,106.93,14.99,0.1573,13.97
2026-03-30T10:17:02+00:00,1022.0,DESCENT,0.4167,14.71,3059.7,170.02,624.98,37.66,106.73,14.44,0.1537,14.0
2026-03-30T10:17:03+00:00,1023.0,DESCENT,0.3933,14.99,2952.2,169.43,615.73,37.58,106.73,13.39,0.1603,14.0
2026-03-30T10:17:04+00:00,1024.0,DESCENT,0.37,14.99,2844.6,168.13,607.2,37.03,106.6,13.24,0.1324,13.92
2026-03-30T10:17:05+00:00,1025.0,DESCENT,0.3467,15.43,2750.1,167.77,596.43,36.11,106.68,12.24,0.1663,14.02
2026-03-30T10:17:06+00:00,1026.0,DESCENT,0.3233,15.52,2651.3,167.56,584.55,35.54,106.72,11.62,0.1287,14.0
2026-03-30T10:17:07+00:00,1027.0,DESCENT,0.3,16.0,2554.5,167.93,574.71,34.45,106.58,11.04,0.1335,13.96
2026-03-30T10:17:08+00:00,1028.0,DESCENT,0.3,16.0,2517.7,167.12,565.82,33.89,106.37,11.11,0.1185,13.93
2026-03-30T10:17:09+00:00,1029.0,DESCENT,0.3,16.1,2483.5,166.27,559.03,33.65,106.28,10.81,0.1158,14.0
2026-03-30T10:17:10+00:00,1030.0,DESCENT,0.3,16.12,2467.6,165.23,553.27,33.57,106.09,10.39,0.1203,13.98
2026-03-30T10:17:11+00:00,1031.0,DESCENT,0.3,16.02,2447.0,164.74,549.3,33.32,106.17,10.77,0.1185,13.92
2026-03-30T10:17:12+00:00,1032.0,DESCENT,0.3,15.95,2434.7,164.26,547.22,33.23,106.01,10.46,0.1248,13.96
2026-03-30T10:17:13+00:00,1033.0,DESCENT,0.3,16.05,2451.3,163.38,545.45,33.2,105.78,10.59,0.1186,14.06
2026-03-30T10:17:14+00:00,1034.0,DESCENT,0.3,15.95,2439.8,162.79,545.92,33.1,105.54,10.34,0.1383,13.97
2026-03-30T10:17:15+00:00,1035.0,DESCENT,0.3,16.0,2433.0,161.49,544.44,33.02,105.19,10.58,0.1204,13.94
2026-03-30T10:17:16+00:00,1036.0,DESCENT,0.3,16.1,2437.5,161.4,541.1,32.95,105.11,10.42,0.1192,13.93
2026-03-30T10:17:17+00:00,1037.0,DESCENT,0.3,15.94,2439.4,160.62,541.17,33.1,104.82,10.54,0.1252,14.02
2026-03-30T10:17:18+00:00,1038.0,DESCENT,0.3,16.08,2433.9,160.16,541.94,33.22,104.82,10.47,0.1417,13.99
2026-03-30T10:17:19+00:00,1039.0,DESCENT,0.3,16.07,2435.8,159.16,542.34,33.27,104.46,10.8,0.1324,14.01
2026-03-30T10:17:20+00:00,1040.0,DESCENT,0.3,15.9,2449.1,158.52,545.14,33.01,104.31,10.86,0.1291,13.97
2026-03-30T10:17:21+00:00,1041.0,DESCENT,0.3,16.1,2439.6,158.02,544.63,32.86,104.32,10.54,0.1128,14.0
2026-03-30T10:17:22+00:00,1042.0,DESCENT,0.3,16.07,2430.1,157.65,546.04,33.13,103.83,10.5,0.1159,13.94
2026-03-30T10:17:23+00:00,1043.0,DESCENT,0.3,16.01,2443.8,157.48,545.97,33.59,103.98,10.49,0.1147,13.97
2026-03-30T10:17:24+00:00,1044.0,DESCENT,0.3,15.92,2447.3,157.7,545.87,33.57,103.75,10.72,0.1459,13.97
2026-03-30T10:17:25+00:00,1045.0,DESCENT,0.3,15.91,2440.2,157.62,544.83,33.4,103.62,10.48,0.1363,14.01
2026-03-30T10:17:26+00:00,1046.0,DESCENT,0.3,15.95,2428.8,157.65,545.01,33.43,103.55,10.43,0.1193,13.97
2026-03-30T10:17:27+00:00,1047.0,DESCENT,0.3,16.05,2429.7,157.87,544.33,33.12,103.5,10.64,0.1229,13.95
2026-03-30T10:17:28+00:00,1048.0,DESCENT,0.3,15.9,2435.7,157.72,544.92,33.56,103.39,10.43,0.1199,13.97
2026-03-30T10:17:29+00:00,1049.0,DESCENT,0.3,16.04,2448.5,157.35,544.93,33.59,103.39,10.56,0.1196,13.91
2026-03-30T10:17:30+00:00,1050.0,DESCENT,0.3,15.88,2437.5,157.39,544.01,33.36,103.31,10.28,0.1354,13.9
2026-03-30T10:17:31+00:00,1051.0,DESCENT,0.3,15.98,2439.4,157.47,545.71,33.35,103.42,10.63,0.1265,13.99
2026-03-30T10:17:32+00:00,1052.0,DESCENT,0.3,16.01,2446.5,157.37,546.27,33.28,103.35,10.85,0.1551,13.95
2026-03-30T10:17:33+00:00,1053.0,DESCENT,0.3,16.24,2425.7,156.44,545.67,33.63,103.49,10.59,0.1445,13.96
2026-03-30T10:17:34+00:00,1054.0,DESCENT,0.3,15.86,2442.3,155.77,545.85,33.51,103.47,10.76,0.1458,13.99
2026-03-30T10:17:35+00:00,1055.0,DESCENT,0.3,16.15,2433.1,155.36,545.79,33.53,103.03,10.38,0.1378,14.01
2026-03-30T10:17:36+00:00,1056.0,DESCENT,0.3,16.01,2440.5,155.37,544.77,33.65,103.27,10.57,0.1249,13.98
2026-03-30T10:17:37+00:00,1057.0,DESCENT,0.3,16.04,2443.7,155.07,545.18,33.42,103.03,10.4,0.1373,14.02
2026-03-30T10:17:38+00:00,1058.0,DESCENT,0.3,16.01,2452.0,155.23,544.64,33.53,103.1,10.54,0.1262,13.98
2026-03-30T10:17:39+00:00,1059.0,DESCENT,0.3,16.04,2451.9,155.47,543.88,33.63,102.95,10.69,0.1499,13.97
2026-03-30T10:17:40+00:00,1060.0,DESCENT,0.3,15.98,2428.5,155.65,542.47,33.17,102.96,10.5,0.1345,13.97
2026-03-30T10:17:41+00:00,1061.0,DESCENT,0.3,16.15,2429.2,155.83,543.02,33.36,102.7,10.28,0.1328,13.93
2026-03-30T10:17:42+00:00,1062.0,DESCENT,0.3,15.95,2437.0,155.1,544.48,33.43,102.65,10.32,0.1314,13.99
2026-03-30T10:17:43+00:00,1063.0,DESCENT,0.3,16.11,2438.3,155.01,544.07,33.53,102.46,10.32,0.1508,13.89
2026-03-30T10:17:44+00:00,1064.0,DESCENT,0.3,15.94,2444.3,154.48,547.58,33.58,102.55,10.62,0.1129,13.95
2026-03-30T10:17:45+00:00,1065.0,DESCENT,0.3,15.99,2449.9,153.54,548.17,33.68,102.46,10.88,0.1523,13.97
2026-03-30T10:17:46+00:00,1066.0,DESCENT,0.3,15.89,2451.4,153.18,549.05,34.02,102.45,10.78,0.1281,13.94
2026-03-30T10:17:47+00:00,1067.0,DESCENT,0.3,16.05,2445.5,153.47,549.12,33.62,101.97,10.27,0.1133,13.95
2026-03-30T10:17:48+00:00,1068.0,DESCENT,0.3,16.14,2429.5,153.42,550.45,33.55,101.81,10.7,0.1206,14.02
2026-03-30T10:17:49+00:00,1069.0,DESCENT,0.3,15.99,2432.4,153.98,548.18,33.77,101.73,10.64,0.1099,14.0
2026-03-30T10:17:50+00:00,1070.0,DESCENT,0.3,15.98,2440.8,153.8,544.44,33.89,101.63,10.3,0.1378,13.94
2026-03-30T10:17:51+00:00,1071.0,DESCENT,0.3,15.89,2433.1,154.52,544.25,33.94,101.63,10.46,0.1173,13.95
2026-03-30T10:17:52+00:00,1072.0,DESCENT,0.3,15.98,2442.9,154.32,545.37,34.58,101.44,10.71,0.1321,13.93
2026-03-30T10:17:53+00:00,1073.0,DESCENT,0.3,15.84,2450.2,154.05,545.65,34.46,101.31,10.65,0.1439,13.99
2026-03-30T10:17:54+00:00,1074.0,DESCENT,0.3,15.91,2447.6,153.28,546.01,34.51,101.35,10.36,0.1221,13.96
2026-03-30T10:17:55+00:00,1075.0,DESCENT,0.3,16.02,2420.8,153.49,547.53,34.14,100.88,10.55,0.1262,13.91
2026-03-30T10:17:56+00:00,1076.0,DESCENT,0.3,16.13,2421.3,153.04,547.52,33.75,100.83,10.14,0.1138,13.97
2026-03-30T10:17:57+00:00,1077.0,DESCENT,0.3,16.28,2446.9,152.56,548.11,33.76,100.65,10.52,0.1255,13.98
2026-03-30T10:17:58+00:00,1078.0,DESCENT,0.3,15.94,2440.6,152.85,546.32,34.03,100.39,10.7,0.1609,13.99
2026-03-30T10:17:59+00:00,1079.0,DESCENT,0.3,16.14,2425.8,153.09,544.89,34.08,100.32,10.48,0.1389,13.96
2026-03-30T10:18:00+00:00,1080.0,DESCENT,0.3,16.02,2444.0,153.31,547.11,34.16,100.38,10.47,0.1269,13.95
2026-03-30T10:18:01+00:00,1081.0,DESCENT,0.3,15.98,2443.6,152.93,546.87,34.04,100.41,10.68,0.1227,14.02
2026-03-30T10:18:02+00:00,1082.0,DESCENT,0.3,16.04,2452.1,152.68,545.87,33.97,100.27,10.72,0.1298,13.97
2026-03-30T10:18:03+00:00,1083.0,DESCENT,0.3,16.01,2449.8,152.43,545.13,33.97,100.27,10.76,0.1318,13.99
2026-03-30T10:18:04+00:00,1084.0,DESCENT,0.3,16.01,2450.1,152.53,544.58,34.19,100.28,10.7,0.1253,13.95
2026-03-30T10:18:05+00:00,1085.0,DESCENT,0.3,15.96,2449.5,152.93,544.09,34.36,100.14,10.73,0.1366,13.99
2026-03-30T10:18:06+00:00,1086.0,DESCENT,0.3,15.86,2451.9,152.85,543.02,34.03,99.92,10.69,0.1189,13.92
2026-03-30T10:18:07+00:00,1087.0,DESCENT,0.3,15.85,2465.7,153.41,542.01,34.32,99.71,10.67,0.1193,13.95
2026-03-30T10:18:08+00:00,1088.0,DESCENT,0.3,16.07,2462.4,153.53,542.92,34.13,99.72,10.63,0.1351,13.93
2026-03-30T10:18:09+00:00,1089.0,DESCENT,0.3,15.97,2440.2,153.19,543.03,34.25,99.6,10.5,0.116,13.95
2026-03-30T10:18:10+00:00,1090.0,DESCENT,0.3,15.94,2445.1,153.28,545.14,34.19,99.33,10.37,0.1389,14.0
2026-03-30T10:18:11+00:00,1091.0,DESCENT,0.3,16.0,2453.2,153.72,545.71,34.64,98.97,10.44,0.1302,13.95
2026-03-30T10:18:12+00:00,1092.0,DESCENT,0.3,16.08,2457.8,154.27,546.13,34.42,99.0,10.56,0.1086,13.99
2026-03-30T10:18:13+00:00,1093.0,DESCENT,0.3,16.02,2447.1,154.48,545.17,34.43,98.82,10.59,0.1315,14.01
2026-03-30T10:18:14+00:00,1094.0,DESCENT,0.3,15.93,2454.4,154.22,545.22,34.56,98.77,10.8,0.1102,13.96
2026-03-30T10:18:15+00:00,1095.0,DESCENT,0.3,16.12,2456.2,153.87,545.9,34.27,98.86,10.59,0.1388,13.99
2026-03-30T10:18:16+00:00,1096.0,DESCENT,0.3,16.16,2470.3,153.85,546.85,34.35,98.56,10.8,0.1279,13.98
2026-03-30T10:18:17+00:00,1097.0,DESCENT,0.3,16.05,2451.0,154.26,546.48,34.31,98.46,10.73,0.1525,13.97
2026-03-30T10:18:18+00:00,1098.0,DESCENT,0.3,16.1,2443.0,154.17,547.63,34.2,98.34,10.51,0.1429,13.99
2026-03-30T10:18:19+00:00,1099.0,DESCENT,0.3,16.12,2440.5,154.09,547.18,34.16,98.31,10.62,0.1173,14.02
2026-03-30T10:18:20+00:00,1100.0,DESCENT,0.3,16.11,2437.7,153.86,547.78,34.5,98.4,10.49,0.1056,13.95
2026-03-30T10:18:21+00:00,1101.0,DESCENT,0.3,16.06,2433.1,153.47,546.65,34.29,98.11,10.7,0.1207,13.94
2026-03-30T10:18:22+00:00,1102.0,DESCENT,0.3,16.06,2415.8,153.16,544.23,34.41,98.11,10.54,0.1146,13.93
2026-03-30T10:18:23+00:00,1103.0,DESCENT,0.3,16.05,2425.5,152.98,545.0,34.44,98.17,10.3,0.1514,13.99
2026-03-30T10:18:24+00:00,1104.0,DESCENT,0.3,15.89,2436.9,153.44,546.07,34.07,98.05,10.54,0.1297,14.0
2026-03-30T10:18:25+00:00,1105.0,DESCENT,0.3,16.07,2435.9,153.1,546.71,34.33,97.94,10.76,0.141,13.95
2026-03-30T10:18:26+00:00,1106.0,DESCENT,0.3,15.86,2454.8,152.89,546.95,34.06,97.91,10.56,0.127,13.9
2026-03-30T10:18:27+00:00,1107.0,DESCENT,0.3,15.92,2449.1,152.31,546.2,34.39,97.87,10.63,0.1281,13.94
2026-03-30T10:18:28+00:00,1108.0,DESCENT,0.3,16.13,2456.4,152.39,545.21,34.33,97.87,10.67,0.1301,13.98
2026-03-30T10:18:29+00:00,1109.0,DESCENT,0.3,16.08,2451.9,152.72,546.1,34.41,97.87,10.42,0.1436,13.96
2026-03-30T10:18:30+00:00,1110.0,DESCENT,0.3,16.15,2454.1,153.15,546.61,34.15,97.63,10.66,0.1341,13.97
2026-03-30T10:18:31+00:00,1111.0,DESCENT,0.3,15.97,2450.9,153.0,545.73,34.34,97.7,10.36,0.1176,13.95
2026-03-30T10:18:32+00:00,1112.0,DESCENT,0.3,15.88,2457.9,152.99,547.08,34.66,97.78,10.5,0.15,14.0
2026-03-30T10:18:33+00:00,1113.0,DESCENT,0.3,15.98,2451.1,152.7,545.68,34.41,97.72,10.73,0.1268,13.98
2026-03-30T10:18:34+00:00,1114.0,DESCENT,0.3,16.01,2451.1,152.69,545.05,34.33,97.41,10.63,0.1248,13.98
2026-03-30T10:18:35+00:00,1115.0,DESCENT,0.3,16.01,2450.0,152.59,547.26,34.56,97.31,10.52,0.0963,13.97
2026-03-30T10:18:36+00:00,1116.0,DESCENT,0.3,16.11,2444.2,152.4,547.94,34.68,97.26,10.61,0.1377,13.98
2026-03-30T10:18:37+00:00,1117.0,DESCENT,0.3,15.96,2446.8,152.24,546.92,34.06,97.01,10.55,0.1314,13.98
2026-03-30T10:18:38+00:00,1118.0,DESCENT,0.3,16.04,2462.8,152.21,547.01,34.84,96.88,10.62,0.1319,13.94
2026-03-30T10:18:39+00:00,1119.0,DESCENT,0.3,15.9,2450.9,151.88,546.85,34.94,96.59,10.67,0.1255,13.98
2026-03-30T10:18:40+00:00,1120.0,DESCENT,0.3,16.05,2450.4,151.59,543.3,35.03,96.6,10.46,0.1234,13.99
2026-03-30T10:18:41+00:00,1121.0,DESCENT,0.3,16.0,2456.8,152.08,542.96,34.9,96.55,10.6,0.1261,14.0
2026-03-30T10:18:42+00:00,1122.0,DESCENT,0.3,15.93,2459.1,152.96,543.72,34.42,96.24,10.56,0.1361,13.98
2026-03-30T10:18:43+00:00,1123.0,DESCENT,0.3,15.98,2451.3,152.25,543.91,34.75,96.22,10.34,0.138,13.94
2026-03-30T10:18:44+00:00,1124.0,DESCENT,0.3,15.98,2428.1,151.53,544.72,34.57,96.15,10.35,0.1268,13.94
2026-03-30T10:18:45+00:00,1125.0,DESCENT,0.3,15.97,2439.5,150.96,546.39,34.78,96.15,10.76,0.1413,13.95
2026-03-30T10:18:46+00:00,1126.0,DESCENT,0.3,16.18,2423.4,150.75,545.88,34.68,96.02,10.53,0.1285,13.97
2026-03-30T10:18:47+00:00,1127.0,DESCENT,0.3,15.99,2444.6,150.94,544.6,34.8,95.84,10.35,0.1241,13.96
2026-03-30T10:18:48+00:00,1128.0,DESCENT,0.3,15.98,2445.1,151.0,545.34,34.64,95.65,10.32,0.1325,13.93
2026-03-30T10:18:49+00:00,1129.0,DESCENT,0.3,15.79,2452.0,150.89,545.04,34.97,95.51,10.56,0.114,13.93
2026-03-30T10:18:50+00:00,1130.0,DESCENT,0.3,15.91,2440.4,150.93,545.05,34.64,95.45,10.77,0.1328,13.9
2026-03-30T10:18:51+00:00,1131.0,DESCENT,0.3,15.97,2429.2,150.48,544.9,35.27,95.41,10.46,0.1111,13.87
2026-03-30T10:18:52+00:00,1132.0,DESCENT,0.3,15.93,2437.9,150.22,547.83,35.68,95.32,10.72,0.1176,13.96
2026-03-30T10:18:53+00:00,1133.0,DESCENT,0.29,16.27,2418.9,150.04,543.38,35.73,95.19,10.42,0.1047,14.03
2026-03-30T10:18:54+00:00,1134.0,DESCENT,0.28,16.25,2384.4,149.22,541.11,35.59,95.07,10.22,0.1254,14.02
2026-03-30T10:18:55+00:00,1135.0,DESCENT,0.27,16.53,2350.2,148.57,538.73,35.06,95.37,9.74,0.1453,13.93
2026-03-30T10:18:56+00:00,1136.0,DESCENT,0.26,16.54,2333.1,147.92,534.82,35.01,95.17,9.94,0.1237,13.97
2026-03-30T10:18:57+00:00,1137.0,DESCENT,0.25,16.67,2287.8,148.03,532.76,34.56,94.99,9.51,0.1311,13.92
2026-03-30T10:18:58+00:00,1138.0,DESCENT,0.24,16.79,2245.3,147.91,529.9,33.78,95.4,9.46,0.15,13.92
2026-03-30T10:18:59+00:00,1139.0,DESCENT,0.23,16.93,2201.0,147.91,525.54,33.96,95.36,8.98,0.1249,13.93
2026-03-30T10:19:00+00:00,1140.0,LANDING,0.22,17.24,2162.4,146.92,520.94,33.89,95.04,8.93,0.1094,13.95
2026-03-30T10:19:01+00:00,1141.0,LANDING,0.21,16.97,2108.5,146.06,516.4,33.41,95.06,8.71,0.1092,13.96
2026-03-30T10:19:02+00:00,1142.0,LANDING,0.2,17.13,2045.1,146.07,511.86,32.67,94.8,8.36,0.1147,13.97
2026-03-30T10:19:03+00:00,1143.0,LANDING,0.19,17.41,2006.7,144.68,507.42,32.28,94.82,8.25,0.1057,13.98
2026-03-30T10:19:04+00:00,1144.0,LANDING,0.18,17.6,1974.4,144.91,502.87,31.66,94.66,7.98,0.1054,13.95
2026-03-30T10:19:05+00:00,1145.0,LANDING,0.17,17.8,1922.9,143.89,498.88,31.85,94.46,7.7,0.1222,13.96
2026-03-30T10:19:06+00:00,1146.0,LANDING,0.16,17.91,1882.3,143.95,495.33,31.21,94.57,7.86,0.1213,13.93
2026-03-30T10:19:07+00:00,1147.0,LANDING,0.15,17.96,1836.9,143.29,489.11,31.18,94.52,7.58,0.0878,13.92
2026-03-30T10:19:08+00:00,1148.0,LANDING,0.15,18.1,1831.1,143.42,484.9,30.86,94.52,7.29,0.0976,13.91
2026-03-30T10:19:09+00:00,1149.0,LANDING,0.15,18.1,1822.1,144.42,481.03,30.51,94.45,7.46,0.1016,13.98
2026-03-30T10:19:10+00:00,1150.0,LANDING,0.15,18.02,1816.7,143.19,481.36,30.71,94.25,7.25,0.1142,13.95
2026-03-30T10:19:11+00:00,1151.0,LANDING,0.15,18.1,1813.7,143.19,480.88,30.68,94.2,7.18,0.1207,13.9
2026-03-30T10:19:12+00:00,1152.0,LANDING,0.15,18.03,1806.9,142.18,480.8,30.94,94.24,7.49,0.1392,13.96
2026-03-30T10:19:13+00:00,1153.0,LANDING,0.15,17.94,1805.2,142.09,478.4,30.57,94.12,7.07,0.1012,13.92
2026-03-30T10:19:14+00:00,1154.0,LANDING,0.15,18.07,1793.3,141.76,480.55,30.43,94.25,7.44,0.1015,14.01
2026-03-30T10:19:15+00:00,1155.0,LANDING,0.15,18.01,1779.2,141.57,479.18,29.91,94.24,7.22,0.1133,13.94
2026-03-30T10:19:16+00:00,1156.0,LANDING,0.15,18.0,1790.7,140.96,479.14,29.67,94.13,7.26,0.0983,13.98
2026-03-30T10:19:17+00:00,1157.0,LANDING,0.15,18.15,1797.9,141.06,480.01,30.56,94.03,7.37,0.1049,13.99
2026-03-30T10:19:18+00:00,1158.0,LANDING,0.15,17.75,1808.7,140.25,478.3,31.2,93.9,7.43,0.1019,13.93
2026-03-30T10:19:19+00:00,1159.0,LANDING,0.15,17.86,1817.2,140.54,477.65,31.14,93.57,7.24,0.0756,13.96
2026-03-30T10:19:20+00:00,1160.0,LANDING,0.15,17.88,1821.5,140.16,478.08,30.9,93.42,7.48,0.1086,13.97
2026-03-30T10:19:21+00:00,1161.0,LANDING,0.15,17.96,1803.2,139.4,481.59,30.84,93.32,7.34,0.1045,13.96
2026-03-30T10:19:22+00:00,1162.0,LANDING,0.15,17.97,1799.0,139.86,481.04,31.1,93.12,7.12,0.1219,13.97
2026-03-30T10:19:23+00:00,1163.0,LANDING,0.15,17.85,1803.4,139.64,482.17,30.93,93.04,7.3,0.1068,13.92
2026-03-30T10:19:24+00:00,1164.0,LANDING,0.15,17.9,1822.2,140.22,482.55,31.07,92.91,7.59,0.0921,13.97
2026-03-30T10:19:25+00:00,1165.0,LANDING,0.15,17.91,1823.3,140.5,481.83,31.1,92.9,7.63,0.1041,13.94
2026-03-30T10:19:26+00:00,1166.0,LANDING,0.15,18.25,1821.1,139.98,479.79,30.97,92.88,7.48,0.0821,13.97
2026-03-30T10:19:27+00:00,1167.0,LANDING,0.15,18.18,1807.9,139.76,480.74,30.88,92.77,7.16,0.0923,13.99
2026-03-30T10:19:28+00:00,1168.0,LANDING,0.15,17.96,1797.1,139.62,478.26,31.02,92.44,7.38,0.1142,13.98
2026-03-30T10:19:29+00:00,1169.0,LANDING,0.15,17.96,1805.0,140.04,480.22,30.8,92.59,7.46,0.1038,13.97
2026-03-30T10:19:30+00:00,1170.0,LANDING,0.15,17.89,1793.9,140.02,479.89,31.01,92.44,7.41,0.1176,13.98
2026-03-30T10:19:31+00:00,1171.0,LANDING,0.15,17.81,1795.1,139.89,476.22,30.91,92.31,7.42,0.0829,13.98
2026-03-30T10:19:32+00:00,1172.0,LANDING,0.15,17.99,1796.7,139.62,476.42,31.02,92.14,7.36,0.1037,14.0
2026-03-30T10:19:33+00:00,1173.0,LANDING,0.15,17.9,1811.2,139.41,477.75,31.45,91.94,7.34,0.1012,13.96
2026-03-30T10:19:34+00:00,1174.0,LANDING,0.15,17.99,1803.0,139.76,477.65,31.3,92.06,7.23,0.1182,13.96
2026-03-30T10:19:35+00:00,1175.0,LANDING,0.15,17.84,1782.2,139.57,478.64,31.41,92.15,6.98,0.1143,13.99
2026-03-30T10:19:36+00:00,1176.0,LANDING,0.15,17.92,1795.0,139.23,477.52,30.84,92.1,7.35,0.1143,13.94
2026-03-30T10:19:37+00:00,1177.0,LANDING,0.15,18.01,1792.0,138.83,476.19,30.83,91.96,7.32,0.125,13.92
2026-03-30T10:19:38+00:00,1178.0,LANDING,0.15,18.04,1796.4,138.45,476.74,30.96,91.94,7.39,0.1022,13.97
2026-03-30T10:19:39+00:00,1179.0,LANDING,0.15,18.04,1797.6,137.74,477.26,31.52,91.83,7.11,0.1226,13.95
2026-03-30T10:19:40+00:00,1180.0,LANDING,0.15,17.87,1796.7,137.3,477.11,30.9,91.68,7.4,0.0941,13.92
2026-03-30T10:19:41+00:00,1181.0,LANDING,0.15,18.09,1804.8,137.79,478.99,31.02,91.61,7.64,0.0938,13.97
2026-03-30T10:19:42+00:00,1182.0,LANDING,0.15,17.92,1790.3,137.57,477.76,31.45,91.43,7.3,0.1155,14.0
2026-03-30T10:19:43+00:00,1183.0,LANDING,0.15,18.06,1791.0,137.73,478.32,31.16,91.35,7.28,0.0884,13.91
2026-03-30T10:19:44+00:00,1184.0,LANDING,0.15,18.0,1801.0,136.61,478.43,31.16,91.26,7.36,0.1136,13.99
2026-03-30T10:19:45+00:00,1185.0,LANDING,0.15,17.86,1795.7,136.73,476.5,31.28,91.24,7.61,0.1078,13.88
2026-03-30T10:19:46+00:00,1186.0,LANDING,0.15,17.97,1785.1,136.56,475.42,31.31,91.03,7.12,0.1192,13.95
2026-03-30T10:19:47+00:00,1187.0,LANDING,0.15,18.04,1797.8,136.27,476.29,31.7,91.03,7.34,0.1059,14.01
2026-03-30T10:19:48+00:00,1188.0,LANDING,0.15,18.06,1808.0,136.26,479.3,31.71,90.78,7.22,0.1075,13.95
2026-03-30T10:19:49+00:00,1189.0,LANDING,0.15,17.99,1803.9,135.97,479.74,31.93,90.58,7.24,0.1129,13.96
2026-03-30T10:19:50+00:00,1190.0,LANDING,0.15,18.15,1786.4,135.04,477.32,31.61,90.39,7.27,0.0984,13.98
2026-03-30T10:19:51+00:00,1191.0,LANDING,0.15,18.1,1798.8,135.36,473.92,31.38,90.13,7.51,0.0982,13.91
2026-03-30T10:19:52+00:00,1192.0,LANDING,0.15,17.97,1786.2,135.39,476.04,31.33,90.18,7.55,0.112,13.96
2026-03-30T10:19:53+00:00,1193.0,LANDING,0.14,18.08,1775.1,135.18,475.33,31.05,89.92,7.25,0.1053,13.96
2026-03-30T10:19:54+00:00,1194.0,LANDING,0.13,18.19,1739.5,134.69,475.04,31.21,89.7,6.97,0.0996,14.01
2026-03-30T10:19:55+00:00,1195.0,LANDING,0.12,18.2,1698.8,133.98,471.09,30.98,89.78,7.24,0.1022,13.92
2026-03-30T10:19:56+00:00,1196.0,LANDING,0.11,17.88,1663.5,133.94,468.32,30.69,89.57,6.65,0.1212,13.94
2026-03-30T10:19:57+00:00,1197.0,LANDING,0.1,17.91,1627.3,134.43,465.63,30.72,89.41,6.48,0.0956,13.93
2026-03-30T10:19:58+00:00,1198.0,LANDING,0.09,18.15,1585.1,134.33,460.91,30.23,89.13,6.14,0.094,13.92
2026-03-30T10:19:59+00:00,1199.0,LANDING,0.08,17.89,1553.4,133.56,456.17,30.33,89.13,6.48,0.0781,13.99
